season,week,home,win,Clemson_points,opp,opp_points,opp_games,games,opp_fourthDowns,opp_thirdDownConversions,opp_interceptionYards,opp_penaltyYards,opp_fumblesLost,opp_rushingTDs,opp_passesIntercepted,opp_puntReturns,opp_totalYards,opp_puntReturnTDs,opp_fourthDownConversions,opp_interceptionTDs,opp_rushingYards,opp_possessionTime,opp_puntReturnYards,opp_passCompletions,opp_interceptions,opp_thirdDowns,opp_turnovers,opp_firstDowns,opp_passingTDs,opp_penalties,opp_netPassingYards,opp_fumblesRecovered,opp_rushingAttempts,opp_passAttempts,netPassingYards,thirdDownConversions,possessionTime,passingTDs,fumblesRecovered,firstDowns,puntReturnTDs,totalYards,penalties,puntReturnYards,penaltyYards,passAttempts,passCompletions,turnovers,thirdDowns,rushingTDs,puntReturns,interceptions,rushingYards,fumblesLost,fourthDowns,rushingAttempts,fourthDownConversions,interceptionTDs,interceptionYards,passesIntercepted,opp_kickReturnTDs,opp_kickReturns,opp_kickReturnYards,kickReturnYards,kickReturnTDs,kickReturns,opp_tacklesForLoss,opp_sacks,tacklesForLoss,sacks
2001,2,True,True,21,UCF,13,11,,,,,,,,,,,,,,,,,,,,,,,,,,,,,,,,,,,,,,,,,,,,,,,,,,,,,,,,,,,,,,,
2001,5,True,False,24,Virginia,26,12,2.0,,,,,,,,,,,,,,,,,,,,,,,,,,,,,,,,,,,,,,,,,,,,,,,,,,,,,,,,,,,,,,
2001,6,False,True,47,Georgia Tech,44,13,3.0,,,,,,,,,,,,,,,,,,,,,,,,,,,,,,,,,,,,,,,,,,,,,,,,,,,,,,,,,,,,,,
2001,8,False,True,45,NC State,37,12,4.0,,,,,,,,,,,,,,,,,,,,,,,,,,,,,,,,,,,,,,,,,,,,,,,,,,,,,,,,,,,,,,
2001,9,True,False,3,North Carolina,38,13,5.0,,,,,,,,,,,,,,,,,,,,,,,,,,,,,,,,,,,,,,,,,,,,,,,,,,,,,,,,,,,,,,
2001,10,False,True,21,Wake Forest,14,11,6.0,,,,,,,,,,,,,,,,,,,,,,,,,,,,,,,,,,,,,,,,,,,,,,,,,,,,,,,,,,,,,,
2001,11,True,False,27,Florida State,41,12,7.0,,,,,,,,,,,,,,,,,,,,,,,,,,,,,,,,,,,,,,,,,,,,,,,,,,,,,,,,,,,,,,
2001,12,False,False,20,Maryland,37,12,8.0,,,,,,,,,,,,,,,,,,,,,,,,,,,,,,,,,,,,,,,,,,,,,,,,,,,,,,,,,,,,,,
2001,13,False,False,15,South Carolina,20,12,9.0,,,,,,,,,,,,,,,,,,,,,,,,,,,,,,,,,,,,,,,,,,,,,,,,,,,,,,,,,,,,,,
2001,15,True,True,59,Duke,31,11,10.0,,,,,,,,,,,,,,,,,,,,,,,,,,,,,,,,,,,,,,,,,,,,,,,,,,,,,,,,,,,,,,
2002,2,False,False,28,Georgia,31,14,,,,,,,,,,,,,,,,,,,,,,,,,,,,,,,,,,,,,,,,,,,,,,,,,,,,,,,,,,,,,,,
2002,3,True,True,33,Louisiana Tech,13,12,1.0,,,,,,,,,,,,,,,,,,,,,,,,,,,,,,,,,,,,,,,,,,,,,,,,,,,,,,,,,,,,,,
2002,4,True,True,24,Georgia Tech,19,13,2.0,,,,,,,,,,,,,,,,,,,,,,,,,,,,,,,,,,,,,,,,,,,,,,,,,,,,,,,,,,,,,,
2002,5,True,True,30,Ball State,7,12,3.0,,,,,,,,,,,,,,,,,,,,,,,,,,,,,,,,,,,,,,,,,,,,,,,,,,,,,,,,,,,,,,
2002,7,False,False,31,Florida State,48,14,4.0,,,,,,,,,,,,,,,,,,,,,,,,,,,,,,,,,,,,,,,,,,,,,,,,,,,,,,,,,,,,,,
2002,8,False,False,17,Virginia,22,14,5.0,,,,,,,,,,,,,,,,,,,,,,,,,,,,,,,,,,,,,,,,,,,,,,,,,,,,,,,,,,,,,,
2002,9,True,True,31,Wake Forest,23,13,6.0,,,,,,,,,,,,,,,,,,,,,,,,,,,,,,,,,,,,,,,,,,,,,,,,,,,,,,,,,,,,,,
2002,10,True,False,6,NC State,38,14,7.0,,,,,,,,,,,,,,,,,,,,,,,,,,,,,,,,,,,,,,,,,,,,,,,,,,,,,,,,,,,,,,
2002,11,False,True,34,Duke,31,12,8.0,,,,,,,,,,,,,,,,,,,,,,,,,,,,,,,,,,,,,,,,,,,,,,,,,,,,,,,,,,,,,,
2002,12,False,True,42,North Carolina,12,12,9.0,,,,,,,,,,,,,,,,,,,,,,,,,,,,,,,,,,,,,,,,,,,,,,,,,,,,,,,,,,,,,,
2002,13,True,False,12,Maryland,30,14,10.0,,,,,,,,,,,,,,,,,,,,,,,,,,,,,,,,,,,,,,,,,,,,,,,,,,,,,,,,,,,,,,
2002,14,True,True,27,South Carolina,20,12,11.0,,,,,,,,,,,,,,,,,,,,,,,,,,,,,,,,,,,,,,,,,,,,,,,,,,,,,,,,,,,,,,
2003,2,True,False,0,Georgia,30,14,,,,,,,,,,,,,,,,,,,,,,,,,,,,,,,,,,,,,,,,,,,,,,,,,,,,,,,,,,,,,,,
2003,4,True,True,37,Middle Tennessee,14,12,2.0,,,,,,,,,,,,,,,,,,,,,,,,,,,,,,,,,,,,,,,,,,,,,,,,,,,,,,,,,,,,,,
2003,5,False,True,39,Georgia Tech,3,13,3.0,,,,,,,,,,,,,,,,,,,,,,,,,,,,,,,,,,,,,,,,,,,,,,,,,,,,,,,,,,,,,,
2003,7,False,False,7,Maryland,21,13,4.0,,,,,,,,,,,,,,,,,,,,,,,,,,,,,,,,,,,,,,,,,,,,,,,,,,,,,,,,,,,,,,
2003,8,True,True,30,Virginia,27,13,5.0,,,,,,,,,,,,,,,,,,,,,,,,,,,,,,,,,,,,,,,,,,,,,,,,,,,,,,,,,,,,,,
2003,9,False,False,15,NC State,17,13,6.0,,,,,,,,,,,,,,,,,,,,,,,,,,,,,,,,,,,,,,,,,,,,,,,,,,,,,,,,,,,,,,
2003,10,True,True,36,North Carolina,28,12,7.0,,,,,,,,,,,,,,,,,,,,,,,,,,,,,,,,,,,,,,,,,,,,,,,,,,,,,,,,,,,,,,
2003,11,False,False,17,Wake Forest,45,12,8.0,,,,,,,,,,,,,,,,,,,,,,,,,,,,,,,,,,,,,,,,,,,,,,,,,,,,,,,,,,,,,,
2003,12,True,True,26,Florida State,10,13,9.0,,,,,,,,,,,,,,,,,,,,,,,,,,,,,,,,,,,,,,,,,,,,,,,,,,,,,,,,,,,,,,
2003,13,True,True,40,Duke,7,12,10.0,,,,,,,,,,,,,,,,,,,,,,,,,,,,,,,,,,,,,,,,,,,,,,,,,,,,,,,,,,,,,,
2003,14,False,True,63,South Carolina,17,12,11.0,,,,,,,,,,,,,,,,,,,,,,,,,,,,,,,,,,,,,,,,,,,,,,,,,,,,,,,,,,,,,,
2004,2,True,True,37,Wake Forest,30,11,,12.0,66.0,184.0,0.0,7.0,18.0,11.0,31.0,3864.0,0.0,2.0,4.0,2267.0,11377.0,119.0,128.0,7.0,169.0,14.0,200.0,6.0,0.0,1734.0,11.0,527.0,243.0,,,,,,,,,,,,,,,,,,,,,,,,,,,,,,,,,,,,
2004,3,True,False,24,Georgia Tech,28,12,1.0,13.0,54.0,99.0,0.0,13.0,11.0,10.0,55.0,4157.0,0.0,3.0,2.0,1947.0,13738.0,339.0,169.0,18.0,169.0,31.0,229.0,17.0,0.0,2406.0,7.0,486.0,346.0,297.0,5.0,1140.0,2.0,1.0,23.0,1.0,371.0,0.0,72.0,0.0,41.0,20.0,3.0,16.0,1.0,2.0,2.0,83.0,1.0,0.0,35.0,0.0,,,,,,,,,,,,,
2004,4,False,False,6,Texas A&M,27,12,2.0,19.0,60.0,111.0,0.0,9.0,24.0,12.0,30.0,5141.0,0.0,6.0,1.0,2007.0,12085.0,135.0,223.0,4.0,166.0,13.0,242.0,18.0,0.0,3282.0,10.0,434.0,378.0,559.0,9.0,2129.0,3.0,1.0,42.0,1.0,858.0,0.0,80.0,0.0,84.0,40.0,5.0,31.0,3.0,6.0,4.0,295.0,1.0,2.0,66.0,0.0,0.0,0.0,1.0,,,,,,,,,,
2004,5,False,False,22,Florida State,41,12,3.0,20.0,40.0,164.0,0.0,9.0,19.0,16.0,59.0,4470.0,0.0,12.0,2.0,1944.0,13301.0,619.0,215.0,15.0,177.0,24.0,233.0,11.0,0.0,2737.0,15.0,460.0,402.0,793.0,11.0,3043.0,4.0,1.0,60.0,1.0,1108.0,0.0,85.0,0.0,120.0,60.0,10.0,42.0,3.0,10.0,7.0,353.0,3.0,3.0,93.0,0.0,0.0,0.0,1.0,,,,,,,,,,
2004,7,False,False,10,Virginia,30,12,4.0,9.0,76.0,38.0,0.0,7.0,34.0,9.0,46.0,5081.0,1.0,7.0,0.0,2914.0,13680.0,326.0,179.0,5.0,163.0,12.0,264.0,9.0,0.0,2271.0,7.0,550.0,284.0,908.0,14.0,3788.0,5.0,1.0,71.0,1.0,1281.0,0.0,85.0,0.0,146.0,70.0,16.0,54.0,3.0,11.0,10.0,438.0,6.0,3.0,119.0,0.0,0.0,0.0,1.0,,,,,,,,,,
2004,8,True,True,35,Utah State,6,11,5.0,21.0,52.0,308.0,0.0,10.0,7.0,12.0,24.0,3194.0,2.0,8.0,1.0,839.0,11470.0,438.0,210.0,19.0,162.0,29.0,181.0,11.0,0.0,2594.0,11.0,359.0,367.0,1074.0,19.0,4647.0,6.0,2.0,80.0,1.0,1492.0,0.0,107.0,0.0,174.0,86.0,17.0,68.0,3.0,12.0,11.0,483.0,6.0,4.0,140.0,1.0,0.0,0.0,1.0,,,,,,,,,,
2004,9,True,True,10,Maryland,7,11,6.0,11.0,63.0,50.0,0.0,10.0,12.0,6.0,33.0,3277.0,0.0,4.0,0.0,1314.0,12403.0,211.0,161.0,16.0,174.0,26.0,183.0,8.0,0.0,2199.0,11.0,450.0,305.0,1254.0,24.0,5802.0,6.0,2.0,100.0,1.0,1871.0,0.0,193.0,0.0,198.0,101.0,19.0,83.0,7.0,16.0,13.0,683.0,6.0,5.0,188.0,2.0,0.0,30.0,2.0,,,,,,,,,,
2004,10,True,True,26,NC State,20,11,7.0,16.0,51.0,92.0,0.0,18.0,15.0,6.0,49.0,3839.0,3.0,7.0,1.0,1617.0,12175.0,393.0,191.0,17.0,163.0,35.0,211.0,12.0,0.0,2420.0,6.0,435.0,343.0,1461.0,27.0,6864.0,6.0,2.0,116.0,1.0,2077.0,0.0,244.0,0.0,229.0,115.0,19.0,99.0,8.0,21.0,13.0,719.0,6.0,7.0,228.0,3.0,0.0,44.0,4.0,,,,,,,,,,
2004,11,False,True,24,Miami,17,12,8.0,12.0,55.0,144.0,0.0,9.0,16.0,13.0,55.0,4384.0,7.0,4.0,0.0,1572.0,13051.0,697.0,207.0,6.0,169.0,15.0,215.0,22.0,0.0,2955.0,19.0,422.0,370.0,1667.0,35.0,7923.0,7.0,3.0,132.0,1.0,2344.0,0.0,281.0,0.0,263.0,130.0,20.0,116.0,8.0,24.0,13.0,801.0,7.0,7.0,262.0,3.0,1.0,128.0,9.0,,,,,,,,,,
2004,12,False,False,13,Duke,16,11,9.0,16.0,38.0,229.0,0.0,17.0,5.0,13.0,11.0,2697.0,0.0,11.0,2.0,1034.0,10702.0,33.0,160.0,10.0,139.0,27.0,144.0,2.0,0.0,1918.0,11.0,347.0,283.0,1940.0,41.0,8990.0,7.0,4.0,150.0,1.0,2715.0,0.0,344.0,0.0,300.0,151.0,21.0,135.0,11.0,31.0,14.0,914.0,7.0,8.0,298.0,4.0,1.0,128.0,9.0,,,,,,,,,,
2004,13,True,True,29,South Carolina,7,11,10.0,16.0,61.0,312.0,0.0,11.0,14.0,17.0,30.0,4058.0,0.0,7.0,2.0,1856.0,13012.0,154.0,159.0,15.0,162.0,26.0,201.0,13.0,0.0,2354.0,11.0,464.0,280.0,1940.0,41.0,8990.0,7.0,4.0,150.0,1.0,2715.0,0.0,344.0,0.0,300.0,151.0,21.0,135.0,11.0,31.0,14.0,914.0,7.0,8.0,298.0,4.0,1.0,128.0,9.0,,,,,,,,,,
2005,2,False,True,28,Maryland,24,11,1.0,15.0,44.0,51.0,0.0,8.0,15.0,7.0,20.0,3891.0,0.0,7.0,0.0,1357.0,10735.0,95.0,194.0,16.0,136.0,24.0,223.0,13.0,0.0,2733.0,12.0,399.0,321.0,218.0,7.0,540.0,0.0,1.0,24.0,1.0,396.0,0.0,53.0,0.0,24.0,16.0,0.0,16.0,0.0,2.0,0.0,183.0,0.0,1.0,51.0,1.0,0.0,37.0,1.0,,,,,,,,,,
2005,3,True,False,30,Miami,36,12,2.0,13.0,48.0,223.0,115.0,13.0,18.0,14.0,40.0,3890.0,2.0,3.0,0.0,1653.0,13269.0,398.0,195.0,12.0,159.0,25.0,217.0,20.0,14.0,2760.0,17.0,447.0,340.0,401.0,12.0,1633.0,2.0,2.0,43.0,1.0,688.0,0.0,78.0,0.0,46.0,34.0,0.0,30.0,2.0,4.0,0.0,297.0,0.0,3.0,91.0,1.0,0.0,41.0,2.0,0.0,3.0,81.0,,,,,,,
2005,4,True,False,13,Boston College,16,12,3.0,12.0,73.0,62.0,0.0,11.0,21.0,11.0,42.0,4653.0,0.0,7.0,1.0,1740.0,11976.0,264.0,260.0,12.0,177.0,23.0,254.0,17.0,0.0,3002.0,8.0,449.0,416.0,682.0,14.0,3316.0,4.0,2.0,68.0,1.0,688.0,2.0,85.0,15.0,100.0,65.0,1.0,46.0,3.0,7.0,1.0,374.0,0.0,6.0,115.0,4.0,0.0,41.0,2.0,,,,24.0,0.0,3.0,,,,
2005,5,False,False,27,Wake Forest,31,11,4.0,21.0,62.0,204.0,0.0,11.0,19.0,14.0,36.0,3947.0,0.0,10.0,3.0,2173.0,12432.0,149.0,172.0,10.0,186.0,21.0,201.0,7.0,0.0,2015.0,4.0,525.0,292.0,852.0,14.0,4214.0,4.0,2.0,81.0,1.0,939.0,2.0,102.0,15.0,128.0,84.0,1.0,57.0,4.0,11.0,1.0,476.0,0.0,6.0,144.0,4.0,0.0,48.0,4.0,,,,24.0,0.0,3.0,,,,
2005,7,False,True,31,NC State,10,12,5.0,15.0,36.0,113.0,0.0,11.0,12.0,10.0,47.0,3494.0,0.0,6.0,2.0,1297.0,11389.0,194.0,174.0,14.0,150.0,25.0,174.0,13.0,0.0,2376.0,14.0,396.0,318.0,1171.0,21.0,5315.0,4.0,3.0,109.0,1.0,1393.0,2.0,112.0,15.0,170.0,112.0,3.0,70.0,7.0,13.0,3.0,626.0,0.0,7.0,182.0,4.0,0.0,51.0,5.0,,,,24.0,0.0,3.0,,,,
2005,8,True,True,37,Temple,7,11,6.0,15.0,50.0,30.0,0.0,17.0,8.0,9.0,12.0,2459.0,0.0,7.0,0.0,741.0,10374.0,38.0,146.0,11.0,159.0,28.0,151.0,4.0,0.0,1917.0,14.0,343.0,307.0,1417.0,28.0,6547.0,6.0,4.0,132.0,1.0,1882.0,2.0,113.0,15.0,201.0,134.0,4.0,85.0,9.0,15.0,4.0,869.0,0.0,9.0,223.0,5.0,0.0,75.0,6.0,,,,24.0,0.0,3.0,,,,
2005,9,False,False,9,Georgia Tech,10,12,7.0,13.0,69.0,246.0,0.0,7.0,13.0,21.0,50.0,4188.0,0.0,5.0,2.0,1845.0,14292.0,198.0,197.0,12.0,198.0,19.0,240.0,12.0,0.0,2427.0,11.0,464.0,419.0,1793.0,33.0,7539.0,9.0,7.0,155.0,1.0,2396.0,2.0,135.0,15.0,234.0,156.0,5.0,97.0,10.0,21.0,5.0,1024.0,0.0,9.0,257.0,5.0,0.0,83.0,7.0,,,,24.0,0.0,3.0,,,,
2005,10,True,True,49,Duke,20,11,8.0,18.0,53.0,74.0,0.0,9.0,16.0,9.0,27.0,2729.0,0.0,10.0,0.0,1398.0,12749.0,163.0,134.0,17.0,172.0,26.0,154.0,5.0,0.0,1537.0,10.0,435.0,284.0,1998.0,36.0,8629.0,9.0,8.0,173.0,1.0,2721.0,2.0,146.0,15.0,264.0,175.0,11.0,108.0,10.0,22.0,6.0,1169.0,5.0,10.0,292.0,5.0,0.0,114.0,8.0,,,,24.0,0.0,3.0,,,,
2005,11,True,True,35,Florida State,14,13,9.0,10.0,60.0,139.0,0.0,9.0,17.0,11.0,51.0,4269.0,3.0,4.0,1.0,1043.0,10678.0,641.0,256.0,14.0,160.0,23.0,207.0,19.0,0.0,3390.0,10.0,320.0,444.0,2226.0,39.0,9605.0,11.0,9.0,197.0,1.0,3171.0,2.0,165.0,15.0,288.0,189.0,11.0,118.0,15.0,26.0,6.0,1403.0,5.0,13.0,333.0,7.0,0.0,114.0,8.0,,,,24.0,0.0,3.0,,,,
2005,12,False,True,13,South Carolina,9,12,10.0,14.0,45.0,141.0,0.0,12.0,13.0,12.0,31.0,3791.0,0.0,4.0,1.0,1142.0,12327.0,85.0,213.0,12.0,142.0,24.0,206.0,21.0,0.0,2864.0,13.0,365.0,355.0,2522.0,45.0,10824.0,14.0,9.0,215.0,1.0,3525.0,2.0,189.0,15.0,321.0,210.0,12.0,134.0,17.0,31.0,7.0,1488.0,5.0,14.0,374.0,7.0,0.0,125.0,9.0,,,,24.0,0.0,3.0,,,,
2006,2,False,False,33,Boston College,34,13,1.0,21.0,71.0,191.0,566.0,11.0,20.0,20.0,47.0,4589.0,0.0,7.0,3.0,1458.0,14618.0,261.0,284.0,11.0,184.0,22.0,256.0,16.0,78.0,3309.0,18.0,436.0,458.0,181.0,8.0,941.0,3.0,4.0,21.0,1.0,372.0,6.0,117.0,50.0,23.0,14.0,4.0,13.0,2.0,5.0,1.0,199.0,3.0,1.0,39.0,1.0,0.0,74.0,1.0,,,,,,,,,,
2006,3,False,True,27,Florida State,20,13,2.0,11.0,60.0,263.0,684.0,11.0,17.0,12.0,54.0,4294.0,1.0,5.0,3.0,1255.0,13863.0,317.0,239.0,16.0,178.0,27.0,211.0,19.0,87.0,3174.0,7.0,363.0,439.0,551.0,17.0,2082.0,5.0,5.0,44.0,1.0,851.0,11.0,117.0,90.0,63.0,39.0,5.0,31.0,4.0,5.0,1.0,335.0,4.0,1.0,80.0,1.0,0.0,74.0,1.0,,,,,,,,,,
2006,4,True,True,52,North Carolina,7,12,3.0,14.0,53.0,96.0,656.0,10.0,12.0,7.0,29.0,3516.0,1.0,9.0,0.0,1360.0,12617.0,212.0,169.0,18.0,155.0,28.0,190.0,11.0,73.0,2313.0,10.0,382.0,333.0,745.0,23.0,3052.0,6.0,7.0,59.0,1.0,1196.0,14.0,124.0,115.0,93.0,55.0,5.0,45.0,7.0,8.0,1.0,486.0,4.0,1.0,108.0,1.0,0.0,74.0,1.0,,,,,,,,,,
2006,5,True,True,51,Louisiana Tech,0,13,4.0,15.0,59.0,70.0,612.0,21.0,13.0,10.0,25.0,4479.0,0.0,3.0,0.0,1692.0,14100.0,115.0,214.0,19.0,169.0,40.0,237.0,17.0,68.0,3034.0,19.0,415.0,413.0,929.0,29.0,4442.0,6.0,8.0,89.0,1.0,1700.0,19.0,130.0,155.0,114.0,69.0,6.0,57.0,14.0,12.0,2.0,810.0,4.0,3.0,166.0,2.0,0.0,84.0,2.0,,,,,,,,,,
2006,6,False,True,27,Wake Forest,17,14,5.0,6.0,60.0,318.0,614.0,13.0,16.0,22.0,41.0,4298.0,1.0,4.0,2.0,2099.0,15353.0,366.0,188.0,6.0,171.0,19.0,231.0,11.0,66.0,2383.0,9.0,542.0,287.0,1062.0,32.0,5360.0,8.0,9.0,110.0,1.0,2226.0,26.0,146.0,225.0,131.0,79.0,9.0,65.0,17.0,18.0,2.0,1203.0,7.0,5.0,207.0,3.0,1.0,145.0,6.0,,,,,,,,,,
2006,7,False,True,63,Temple,9,12,6.0,20.0,36.0,88.0,489.0,13.0,4.0,9.0,13.0,2367.0,0.0,4.0,0.0,533.0,11830.0,35.0,171.0,15.0,143.0,28.0,127.0,12.0,64.0,2157.0,6.0,316.0,283.0,1276.0,36.0,6537.0,9.0,13.0,133.0,1.0,2654.0,32.0,146.0,272.0,161.0,99.0,13.0,77.0,18.0,18.0,5.0,1417.0,8.0,6.0,246.0,4.0,1.0,145.0,6.0,,,,,,,,,,
2006,8,True,True,31,Georgia Tech,7,14,7.0,12.0,75.0,185.0,713.0,7.0,17.0,13.0,61.0,4649.0,0.0,6.0,2.0,2274.0,15269.0,336.0,174.0,16.0,196.0,23.0,239.0,25.0,86.0,2549.0,16.0,526.0,369.0,1276.0,36.0,6537.0,9.0,13.0,133.0,1.0,2654.0,32.0,146.0,272.0,161.0,99.0,13.0,77.0,18.0,18.0,5.0,1417.0,8.0,6.0,246.0,4.0,1.0,145.0,6.0,,,,,,,,,,
2006,9,False,False,7,Virginia Tech,24,13,8.0,11.0,62.0,305.0,664.0,15.0,22.0,17.0,53.0,3837.0,1.0,3.0,2.0,1474.0,13915.0,353.0,181.0,12.0,173.0,27.0,196.0,13.0,77.0,2581.0,14.0,455.0,322.0,1392.0,41.0,7558.0,10.0,13.0,146.0,1.0,3080.0,38.0,150.0,320.0,177.0,106.0,15.0,90.0,21.0,23.0,6.0,1738.0,9.0,7.0,284.0,4.0,1.0,145.0,7.0,,,,,,,,,,
2006,10,True,False,12,Maryland,13,13,9.0,15.0,58.0,97.0,483.0,11.0,14.0,8.0,32.0,4073.0,0.0,8.0,1.0,1693.0,14156.0,238.0,204.0,12.0,158.0,23.0,220.0,16.0,55.0,2500.0,9.0,450.0,336.0,1478.0,45.0,8448.0,10.0,15.0,154.0,1.0,3246.0,39.0,155.0,325.0,205.0,117.0,17.0,106.0,22.0,29.0,7.0,1818.0,10.0,7.0,312.0,4.0,1.0,145.0,7.0,,,,,,,,,,
2006,11,True,True,20,NC State,14,12,10.0,14.0,55.0,121.0,696.0,8.0,11.0,7.0,55.0,3624.0,1.0,7.0,2.0,1436.0,12780.0,225.0,196.0,16.0,170.0,24.0,193.0,10.0,86.0,2312.0,5.0,375.0,379.0,1730.0,51.0,9596.0,10.0,15.0,170.0,1.0,3640.0,40.0,173.0,330.0,232.0,135.0,17.0,124.0,22.0,33.0,7.0,1961.0,10.0,9.0,353.0,5.0,1.0,161.0,8.0,,,,,,,,,,
2006,13,True,False,28,South Carolina,31,13,11.0,20.0,72.0,92.0,673.0,12.0,19.0,14.0,37.0,5135.0,0.0,9.0,0.0,1876.0,14773.0,147.0,243.0,13.0,151.0,25.0,270.0,24.0,85.0,3408.0,8.0,414.0,389.0,1886.0,55.0,10698.0,11.0,15.0,188.0,1.0,4009.0,45.0,180.0,371.0,256.0,150.0,20.0,135.0,23.0,35.0,9.0,2184.0,11.0,9.0,392.0,5.0,1.0,167.0,10.0,,,,,,,,,,
2007,2,True,True,49,UL Monroe,26,12,1.0,16.0,81.0,191.0,815.0,10.0,18.0,15.0,33.0,4628.0,0.0,8.0,1.0,2508.0,14842.0,162.0,194.0,11.0,191.0,21.0,251.0,16.0,100.0,2229.0,6.0,555.0,336.0,170.0,4.0,1172.0,2.0,1.0,16.0,0.0,292.0,6.0,48.0,46.0,24.0,14.0,1.0,15.0,1.0,7.0,0.0,132.0,1.0,1.0,42.0,0.0,,,,,,,,,,,,,
2007,4,False,True,42,NC State,20,12,3.0,19.0,71.0,58.0,654.0,11.0,12.0,10.0,47.0,4019.0,1.0,7.0,0.0,1071.0,12302.0,357.0,281.0,24.0,195.0,35.0,220.0,14.0,79.0,3154.0,6.0,355.0,502.0,862.0,12.0,2817.0,11.0,3.0,60.0,0.0,1172.0,15.0,73.0,151.0,80.0,58.0,3.0,32.0,4.0,12.0,0.0,376.0,3.0,2.0,103.0,0.0,0.0,20.0,3.0,,,,,,,,,,
2007,5,False,False,3,Georgia Tech,13,13,4.0,17.0,72.0,-4.0,771.0,13.0,28.0,5.0,73.0,5004.0,0.0,7.0,0.0,2591.0,14703.0,436.0,179.0,12.0,189.0,25.0,261.0,10.0,90.0,2579.0,18.0,548.0,363.0,1140.0,21.0,4146.0,13.0,3.0,92.0,0.0,1780.0,23.0,84.0,216.0,119.0,83.0,3.0,50.0,6.0,18.0,0.0,716.0,3.0,3.0,153.0,1.0,0.0,51.0,6.0,,,,,,,,,,
2007,6,True,False,23,Virginia Tech,41,14,5.0,9.0,77.0,338.0,749.0,12.0,22.0,22.0,62.0,4618.0,3.0,5.0,5.0,1862.0,15273.0,661.0,219.0,10.0,213.0,22.0,238.0,17.0,92.0,3061.0,11.0,560.0,379.0,1378.0,29.0,5218.0,13.0,4.0,107.0,0.0,2008.0,28.0,135.0,260.0,158.0,100.0,5.0,70.0,6.0,23.0,1.0,750.0,4.0,3.0,185.0,1.0,0.0,51.0,7.0,,,,,,,,,,
2007,8,True,True,70,Central Michigan,14,14,6.0,21.0,79.0,280.0,823.0,10.0,36.0,18.0,23.0,6258.0,0.0,6.0,1.0,2520.0,14380.0,142.0,361.0,14.0,191.0,24.0,329.0,28.0,82.0,3875.0,12.0,519.0,557.0,1774.0,31.0,6422.0,15.0,4.0,127.0,0.0,2388.0,35.0,190.0,313.0,225.0,138.0,9.0,88.0,6.0,27.0,3.0,758.0,6.0,8.0,208.0,4.0,0.0,51.0,7.0,,,,,,,,,,
2007,9,False,True,30,Maryland,17,13,7.0,14.0,76.0,143.0,589.0,6.0,28.0,13.0,43.0,4431.0,0.0,6.0,0.0,1787.0,14810.0,184.0,223.0,11.0,191.0,17.0,235.0,9.0,73.0,2934.0,16.0,532.0,346.0,2096.0,43.0,7685.0,21.0,6.0,162.0,0.0,3044.0,38.0,197.0,328.0,252.0,161.0,10.0,104.0,10.0,30.0,4.0,1099.0,6.0,10.0,269.0,5.0,0.0,51.0,9.0,,,,,,,,,,
2007,10,False,True,47,Duke,10,12,8.0,24.0,57.0,68.0,630.0,13.0,6.0,11.0,27.0,3253.0,0.0,11.0,0.0,768.0,12080.0,123.0,210.0,10.0,180.0,23.0,172.0,21.0,72.0,2774.0,7.0,376.0,383.0,2284.0,51.0,9034.0,23.0,7.0,189.0,0.0,3472.0,45.0,209.0,383.0,278.0,181.0,11.0,119.0,11.0,34.0,4.0,1348.0,7.0,11.0,325.0,6.0,0.0,68.0,10.0,,,,,,,,,,
2007,11,True,True,44,Wake Forest,10,13,9.0,19.0,85.0,405.0,621.0,10.0,19.0,19.0,45.0,4426.0,1.0,9.0,6.0,1863.0,15343.0,355.0,279.0,16.0,213.0,26.0,245.0,13.0,68.0,2727.0,18.0,550.0,392.0,2512.0,57.0,10137.0,26.0,8.0,207.0,0.0,3822.0,49.0,224.0,418.0,307.0,200.0,11.0,133.0,13.0,40.0,4.0,1500.0,7.0,12.0,357.0,6.0,0.0,68.0,11.0,,,,,,,,,,
2007,12,True,False,17,Boston College,20,14,10.0,23.0,91.0,270.0,797.0,10.0,17.0,25.0,43.0,5951.0,0.0,12.0,3.0,1416.0,15889.0,118.0,390.0,19.0,217.0,29.0,329.0,31.0,96.0,4736.0,10.0,422.0,659.0,2786.0,64.0,11124.0,29.0,8.0,232.0,0.0,4233.0,53.0,258.0,463.0,343.0,227.0,11.0,145.0,14.0,44.0,4.0,1645.0,7.0,12.0,391.0,6.0,0.0,80.0,12.0,,,,,,,,,,
2007,13,False,True,23,South Carolina,21,12,11.0,17.0,55.0,177.0,532.0,12.0,16.0,14.0,34.0,4462.0,0.0,8.0,1.0,1364.0,12628.0,216.0,258.0,17.0,157.0,29.0,255.0,20.0,69.0,3322.0,8.0,382.0,443.0,3049.0,71.0,11986.0,29.0,8.0,253.0,0.0,4506.0,60.0,264.0,510.0,383.0,253.0,12.0,161.0,16.0,47.0,5.0,1692.0,7.0,13.0,422.0,7.0,0.0,80.0,13.0,,,,,,,,,,
2008,3,True,True,27,NC State,9,13,2.0,16.0,68.0,197.0,550.0,7.0,14.0,18.0,25.0,4279.0,0.0,6.0,1.0,1601.0,13916.0,164.0,197.0,14.0,180.0,21.0,224.0,20.0,71.0,2879.0,11.0,442.0,392.0,489.0,3.0,1640.0,1.0,0.0,37.0,0.0,713.0,12.0,42.0,98.0,63.0,41.0,4.0,14.0,5.0,7.0,1.0,252.0,3.0,3.0,48.0,1.0,0.0,78.0,3.0,,,,,,,,,,
2008,5,True,False,17,Maryland,20,13,4.0,15.0,69.0,43.0,536.0,15.0,18.0,10.0,39.0,4559.0,0.0,8.0,0.0,1872.0,13060.0,189.0,227.0,13.0,175.0,28.0,233.0,15.0,61.0,2895.0,6.0,435.0,399.0,983.0,11.0,3960.0,4.0,1.0,86.0,0.0,1557.0,25.0,84.0,218.0,122.0,83.0,8.0,35.0,11.0,14.0,4.0,607.0,4.0,5.0,123.0,3.0,1.0,229.0,8.0,,,,,,,,,,
2008,7,False,False,7,Wake Forest,12,13,5.0,17.0,72.0,221.0,611.0,15.0,14.0,18.0,45.0,4008.0,0.0,8.0,1.0,1578.0,14813.0,195.0,234.0,7.0,196.0,22.0,218.0,14.0,60.0,2613.0,21.0,515.0,370.0,1140.0,15.0,5139.0,4.0,1.0,105.0,0.0,1929.0,31.0,95.0,268.0,144.0,98.0,11.0,47.0,13.0,17.0,5.0,828.0,6.0,6.0,164.0,3.0,1.0,229.0,8.0,,,,,,,,,,
2008,8,True,False,17,Georgia Tech,21,13,6.0,28.0,59.0,245.0,570.0,20.0,32.0,18.0,42.0,4842.0,0.0,12.0,3.0,3552.0,14710.0,182.0,74.0,7.0,161.0,27.0,214.0,5.0,63.0,1396.0,14.0,640.0,165.0,1335.0,17.0,6027.0,5.0,1.0,115.0,0.0,2127.0,37.0,95.0,327.0,179.0,113.0,12.0,61.0,13.0,20.0,6.0,849.0,6.0,10.0,187.0,4.0,1.0,229.0,8.0,,,,,,,,,,
2008,10,False,True,27,Boston College,21,14,7.0,25.0,74.0,618.0,514.0,19.0,18.0,26.0,56.0,4471.0,2.0,16.0,5.0,2000.0,15767.0,204.0,233.0,17.0,206.0,36.0,256.0,17.0,60.0,2594.0,11.0,518.0,448.0,1539.0,20.0,6954.0,7.0,3.0,127.0,0.0,2376.0,41.0,97.0,363.0,211.0,132.0,18.0,73.0,13.0,23.0,10.0,900.0,8.0,11.0,211.0,4.0,1.0,229.0,8.0,,,,,,,,,,
2008,11,False,False,27,Florida State,41,13,8.0,12.0,79.0,56.0,932.0,12.0,27.0,9.0,38.0,4834.0,1.0,4.0,1.0,2328.0,14950.0,209.0,211.0,16.0,172.0,28.0,265.0,18.0,101.0,2693.0,20.0,483.0,387.0,1804.0,26.0,8130.0,8.0,5.0,143.0,0.0,2715.0,46.0,127.0,398.0,244.0,153.0,22.0,88.0,15.0,28.0,13.0,987.0,9.0,11.0,242.0,4.0,1.0,229.0,8.0,,,,,,,,,,
2008,12,True,True,31,Duke,7,12,9.0,19.0,67.0,151.0,513.0,10.0,9.0,15.0,35.0,3646.0,0.0,7.0,1.0,1274.0,13392.0,127.0,248.0,12.0,183.0,22.0,213.0,17.0,56.0,2529.0,11.0,419.0,410.0,2090.0,28.0,9281.0,10.0,6.0,165.0,0.0,3031.0,51.0,137.0,427.0,279.0,173.0,24.0,103.0,16.0,30.0,14.0,1066.0,10.0,14.0,278.0,6.0,1.0,229.0,9.0,,,,,,,,,,
2008,13,False,True,13,Virginia,3,12,10.0,20.0,60.0,141.0,500.0,12.0,14.0,11.0,36.0,3597.0,0.0,8.0,1.0,1159.0,12177.0,112.0,269.0,20.0,170.0,32.0,209.0,9.0,59.0,2570.0,13.0,339.0,439.0,2439.0,34.0,10577.0,11.0,6.0,189.0,0.0,3497.0,57.0,190.0,492.0,317.0,200.0,24.0,119.0,19.0,36.0,14.0,1206.0,10.0,16.0,319.0,6.0,1.0,236.0,11.0,,,,,,,,,,
2008,14,True,True,31,South Carolina,14,13,11.0,18.0,70.0,234.0,640.0,12.0,7.0,14.0,40.0,4115.0,0.0,12.0,1.0,1223.0,14188.0,136.0,249.0,27.0,180.0,39.0,241.0,20.0,75.0,3124.0,15.0,417.0,452.0,2575.0,39.0,11737.0,12.0,7.0,202.0,0.0,3689.0,60.0,195.0,527.0,346.0,219.0,25.0,137.0,19.0,41.0,14.0,1262.0,11.0,18.0,358.0,7.0,1.0,270.0,14.0,,,,,,,,,,
2009,2,False,False,27,Georgia Tech,30,14,1.0,27.0,104.0,135.0,644.0,12.0,47.0,12.0,35.0,5910.0,2.0,15.0,1.0,4136.0,17206.0,280.0,78.0,6.0,199.0,18.0,287.0,11.0,83.0,1860.0,14.0,792.0,168.0,170.0,4.0,1080.0,2.0,0.0,18.0,1.0,361.0,4.0,135.0,40.0,21.0,9.0,2.0,14.0,0.0,5.0,1.0,202.0,1.0,2.0,47.0,1.0,0.0,39.0,3.0,0.0,54.0,1164.0,144.0,1.0,3.0,,,,
2009,3,True,True,25,Boston College,7,13,2.0,11.0,52.0,155.0,534.0,8.0,17.0,15.0,44.0,4211.0,1.0,7.0,1.0,1780.0,13824.0,171.0,177.0,18.0,172.0,26.0,214.0,21.0,64.0,2576.0,8.0,472.0,351.0,440.0,11.0,2111.0,5.0,0.0,31.0,1.0,747.0,10.0,150.0,90.0,53.0,24.0,4.0,33.0,0.0,6.0,3.0,327.0,1.0,4.0,83.0,1.0,0.0,59.0,5.0,0.0,44.0,932.0,266.0,1.0,9.0,,,,
2009,4,True,False,10,TCU,14,13,3.0,10.0,65.0,140.0,679.0,15.0,35.0,14.0,71.0,5937.0,2.0,4.0,3.0,3114.0,14983.0,619.0,202.0,8.0,158.0,23.0,310.0,24.0,72.0,2899.0,11.0,595.0,326.0,549.0,17.0,3462.0,5.0,1.0,46.0,2.0,1000.0,15.0,277.0,136.0,81.0,38.0,7.0,53.0,0.0,11.0,5.0,478.0,2.0,6.0,133.0,2.0,0.0,81.0,8.0,1.0,34.0,965.0,293.0,1.0,10.0,,,,
2009,5,False,False,21,Maryland,24,12,4.0,25.0,68.0,208.0,538.0,14.0,13.0,10.0,43.0,3797.0,0.0,11.0,1.0,1269.0,12369.0,168.0,226.0,10.0,186.0,24.0,194.0,12.0,65.0,2782.0,8.0,410.0,392.0,741.0,24.0,4493.0,5.0,1.0,63.0,2.0,1309.0,21.0,277.0,185.0,118.0,55.0,7.0,70.0,1.0,14.0,5.0,595.0,2.0,9.0,165.0,2.0,0.0,81.0,8.0,2.0,66.0,1481.0,329.0,1.0,12.0,,,,
2009,7,True,True,38,Wake Forest,3,12,5.0,13.0,77.0,154.0,580.0,7.0,13.0,9.0,33.0,4841.0,0.0,7.0,1.0,1582.0,14014.0,59.0,273.0,12.0,175.0,19.0,267.0,26.0,70.0,3431.0,6.0,429.0,417.0,966.0,28.0,5542.0,5.0,3.0,81.0,2.0,1583.0,28.0,290.0,235.0,158.0,77.0,10.0,86.0,2.0,17.0,6.0,676.0,4.0,9.0,195.0,2.0,0.0,81.0,8.0,0.0,49.0,1086.0,445.0,2.0,16.0,,,,
2009,8,False,True,40,Miami,37,13,6.0,20.0,79.0,89.0,703.0,4.0,21.0,9.0,34.0,5199.0,2.0,9.0,1.0,1794.0,14288.0,223.0,246.0,17.0,178.0,21.0,275.0,25.0,93.0,3660.0,12.0,463.0,416.0,1183.0,31.0,6601.0,6.0,3.0,97.0,2.0,1965.0,30.0,295.0,255.0,182.0,92.0,12.0,96.0,6.0,24.0,6.0,871.0,6.0,9.0,228.0,2.0,0.0,114.0,10.0,0.0,58.0,1235.0,445.0,2.0,16.0,,,,
2009,10,True,True,40,Florida State,24,13,8.0,11.0,74.0,251.0,811.0,13.0,27.0,14.0,33.0,5477.0,1.0,5.0,3.0,1943.0,14693.0,390.0,296.0,13.0,160.0,26.0,282.0,16.0,89.0,3684.0,13.0,422.0,437.0,1702.0,44.0,8735.0,12.0,4.0,141.0,2.0,2775.0,37.0,309.0,314.0,242.0,130.0,17.0,122.0,10.0,31.0,9.0,1207.0,8.0,10.0,299.0,3.0,1.0,314.0,15.0,0.0,67.0,1390.0,618.0,3.0,23.0,,,,
2009,11,False,True,43,NC State,23,12,9.0,19.0,69.0,65.0,519.0,12.0,15.0,8.0,37.0,4726.0,0.0,7.0,0.0,1451.0,14218.0,276.0,248.0,13.0,154.0,25.0,266.0,32.0,64.0,3485.0,6.0,419.0,421.0,1945.0,51.0,9716.0,16.0,5.0,162.0,2.0,3258.0,44.0,318.0,374.0,272.0,148.0,19.0,136.0,12.0,32.0,10.0,1448.0,9.0,11.0,336.0,3.0,1.0,367.0,19.0,1.0,61.0,1332.0,697.0,3.0,27.0,,,,
2009,12,True,True,34,Virginia,21,12,10.0,14.0,60.0,171.0,659.0,12.0,15.0,12.0,42.0,3235.0,1.0,2.0,2.0,1189.0,12105.0,155.0,189.0,8.0,178.0,20.0,184.0,8.0,68.0,2365.0,8.0,410.0,363.0,2145.0,57.0,10709.0,19.0,5.0,182.0,2.0,3712.0,51.0,318.0,453.0,291.0,161.0,19.0,146.0,15.0,33.0,10.0,1702.0,9.0,11.0,372.0,3.0,1.0,367.0,20.0,0.0,66.0,1171.0,720.0,3.0,30.0,,,,
2009,13,False,False,17,South Carolina,34,13,11.0,24.0,70.0,113.0,695.0,11.0,12.0,6.0,43.0,4516.0,0.0,12.0,1.0,1576.0,15094.0,181.0,244.0,10.0,188.0,21.0,239.0,18.0,80.0,3194.0,11.0,435.0,440.0,2381.0,62.0,11873.0,21.0,7.0,202.0,2.0,4078.0,56.0,357.0,504.0,317.0,180.0,19.0,159.0,17.0,37.0,10.0,1834.0,9.0,12.0,410.0,3.0,1.0,367.0,20.0,0.0,55.0,1149.0,787.0,3.0,33.0,,,,
2009,14,True,False,34,Georgia Tech,39,14,12.0,27.0,104.0,135.0,644.0,12.0,47.0,12.0,35.0,5910.0,2.0,15.0,1.0,4136.0,17206.0,280.0,78.0,6.0,199.0,18.0,287.0,11.0,83.0,1860.0,14.0,792.0,168.0,2607.0,65.0,12722.0,22.0,8.0,216.0,2.0,4338.0,58.0,374.0,524.0,359.0,202.0,22.0,172.0,17.0,39.0,11.0,1882.0,11.0,13.0,429.0,3.0,1.0,367.0,21.0,0.0,54.0,1164.0,941.0,4.0,39.0,,,,
2010,3,False,False,24,Auburn,27,14,2.0,8.0,86.0,94.0,740.0,10.0,41.0,12.0,40.0,6989.0,0.0,5.0,1.0,3987.0,15869.0,136.0,194.0,7.0,162.0,17.0,343.0,31.0,78.0,3154.0,10.0,652.0,296.0,400.0,4.0,1661.0,7.0,2.0,32.0,0.0,836.0,11.0,110.0,107.0,41.0,21.0,2.0,19.0,6.0,9.0,2.0,458.0,0.0,2.0,64.0,1.0,0.0,43.0,3.0,1.0,63.0,1482.0,121.0,0.0,6.0,,,,
2010,5,True,False,21,Miami,30,13,3.0,21.0,76.0,155.0,893.0,9.0,19.0,16.0,45.0,5477.0,1.0,8.0,2.0,2372.0,13485.0,154.0,240.0,27.0,186.0,36.0,288.0,21.0,107.0,3238.0,12.0,494.0,443.0,628.0,9.0,2921.0,9.0,2.0,59.0,0.0,1243.0,16.0,125.0,157.0,75.0,41.0,2.0,34.0,7.0,12.0,2.0,645.0,0.0,3.0,111.0,1.0,0.0,43.0,5.0,1.0,44.0,865.0,168.0,0.0,9.0,,,,
2010,6,False,False,16,North Carolina,21,13,4.0,23.0,71.0,287.0,757.0,14.0,18.0,19.0,32.0,5066.0,0.0,14.0,2.0,1634.0,15102.0,128.0,283.0,9.0,182.0,23.0,246.0,19.0,99.0,3697.0,5.0,440.0,425.0,785.0,16.0,4018.0,9.0,2.0,74.0,0.0,1554.0,22.0,169.0,213.0,108.0,55.0,8.0,51.0,10.0,19.0,5.0,807.0,3.0,4.0,151.0,1.0,0.0,43.0,7.0,0.0,45.0,917.0,263.0,0.0,13.0,,,,
2010,7,True,True,31,Maryland,7,13,5.0,21.0,61.0,310.0,890.0,4.0,21.0,19.0,37.0,4587.0,2.0,14.0,4.0,1796.0,14024.0,576.0,219.0,10.0,171.0,14.0,228.0,27.0,102.0,2951.0,10.0,433.0,389.0,999.0,23.0,4995.0,10.0,2.0,90.0,0.0,1859.0,31.0,202.0,294.0,147.0,76.0,8.0,67.0,11.0,24.0,5.0,898.0,3.0,5.0,178.0,1.0,0.0,43.0,7.0,0.0,53.0,914.0,308.0,0.0,16.0,,,,
2010,8,True,True,27,Georgia Tech,13,13,6.0,40.0,74.0,214.0,663.0,20.0,31.0,8.0,33.0,5294.0,0.0,22.0,2.0,4203.0,15796.0,134.0,64.0,7.0,183.0,27.0,265.0,9.0,80.0,1173.0,13.0,753.0,168.0,1121.0,27.0,6174.0,10.0,2.0,103.0,0.0,2072.0,34.0,254.0,324.0,168.0,84.0,8.0,83.0,13.0,27.0,5.0,992.0,3.0,8.0,222.0,3.0,1.0,137.0,10.0,0.0,53.0,1057.0,430.0,1.0,18.0,,,,
2010,9,False,False,10,Boston College,16,13,7.0,6.0,63.0,313.0,661.0,6.0,10.0,20.0,41.0,3888.0,0.0,4.0,2.0,1663.0,13769.0,114.0,180.0,19.0,192.0,25.0,195.0,13.0,74.0,2422.0,13.0,464.0,351.0,1288.0,36.0,7296.0,11.0,2.0,123.0,0.0,2475.0,41.0,283.0,386.0,195.0,101.0,8.0,98.0,15.0,29.0,5.0,1228.0,3.0,8.0,260.0,3.0,1.0,137.0,11.0,0.0,55.0,983.0,522.0,1.0,22.0,,,,
2010,10,True,True,14,NC State,13,13,8.0,20.0,90.0,164.0,473.0,8.0,17.0,9.0,41.0,5258.0,3.0,13.0,2.0,1603.0,15337.0,205.0,319.0,14.0,208.0,22.0,304.0,28.0,65.0,3883.0,20.0,461.0,545.0,1464.0,40.0,8256.0,11.0,2.0,142.0,0.0,2739.0,44.0,286.0,421.0,234.0,122.0,11.0,109.0,15.0,33.0,7.0,1316.0,4.0,9.0,284.0,3.0,2.0,189.0,12.0,0.0,46.0,855.0,559.0,1.0,25.0,,,,
2010,11,False,False,13,Florida State,16,14,9.0,10.0,89.0,185.0,823.0,10.0,27.0,15.0,44.0,5338.0,1.0,7.0,1.0,2400.0,15808.0,318.0,250.0,13.0,185.0,23.0,274.0,24.0,89.0,3096.0,12.0,500.0,397.0,1706.0,48.0,9348.0,12.0,3.0,158.0,0.0,2999.0,51.0,294.0,498.0,264.0,142.0,14.0,126.0,16.0,34.0,8.0,1362.0,6.0,10.0,325.0,4.0,2.0,189.0,13.0,0.0,58.0,1169.0,690.0,1.0,30.0,,,,
2010,12,False,True,30,Wake Forest,10,12,10.0,15.0,61.0,113.0,544.0,7.0,23.0,11.0,20.0,3628.0,0.0,10.0,1.0,1902.0,12553.0,133.0,166.0,10.0,179.0,17.0,190.0,9.0,59.0,1927.0,6.0,459.0,302.0,1947.0,57.0,10554.0,12.0,4.0,183.0,0.0,3390.0,61.0,303.0,572.0,308.0,170.0,16.0,144.0,17.0,36.0,10.0,1514.0,6.0,10.0,360.0,4.0,2.0,189.0,14.0,0.0,69.0,1420.0,724.0,1.0,32.0,,,,
2010,13,True,False,7,South Carolina,29,14,11.0,6.0,89.0,252.0,568.0,9.0,26.0,10.0,33.0,5499.0,0.0,3.0,5.0,2161.0,16155.0,63.0,252.0,17.0,181.0,26.0,289.0,23.0,73.0,3498.0,16.0,522.0,389.0,2201.0,66.0,11775.0,14.0,4.0,203.0,0.0,3803.0,65.0,305.0,607.0,333.0,189.0,18.0,160.0,18.0,40.0,11.0,1696.0,7.0,11.0,403.0,5.0,2.0,189.0,14.0,0.0,55.0,1103.0,797.0,1.0,35.0,,,,
2011,3,True,True,38,Auburn,24,13,2.0,12.0,61.0,180.0,676.0,8.0,20.0,11.0,39.0,4392.0,0.0,6.0,2.0,2370.0,13288.0,155.0,164.0,13.0,171.0,21.0,227.0,17.0,75.0,2219.0,12.0,536.0,292.0,572.0,12.0,1982.0,6.0,2.0,36.0,0.0,944.0,5.0,17.0,54.0,60.0,39.0,2.0,31.0,4.0,6.0,1.0,412.0,1.0,4.0,80.0,1.0,0.0,43.0,2.0,2.0,56.0,1356.0,196.0,0.0,10.0,,,,
2011,4,True,True,35,Florida State,30,13,3.0,7.0,59.0,189.0,875.0,7.0,20.0,16.0,63.0,4799.0,1.0,2.0,1.0,1458.0,14109.0,417.0,247.0,12.0,154.0,19.0,247.0,25.0,103.0,3622.0,10.0,437.0,383.0,958.0,26.0,3312.0,10.0,2.0,68.0,0.0,1568.0,11.0,17.0,104.0,102.0,69.0,3.0,49.0,5.0,10.0,1.0,650.0,2.0,4.0,130.0,1.0,0.0,43.0,3.0,0.0,30.0,795.0,212.0,0.0,11.0,,,,
2011,5,False,True,23,Virginia Tech,3,14,4.0,20.0,94.0,203.0,737.0,8.0,26.0,16.0,50.0,5782.0,1.0,9.0,0.0,2616.0,17323.0,334.0,243.0,10.0,205.0,18.0,294.0,21.0,82.0,3284.0,6.0,590.0,405.0,1316.0,35.0,4596.0,13.0,2.0,94.0,0.0,2011.0,16.0,46.0,154.0,137.0,91.0,5.0,66.0,7.0,12.0,1.0,749.0,4.0,6.0,180.0,1.0,0.0,47.0,4.0,0.0,48.0,937.0,233.0,0.0,12.0,,,,
2011,6,True,True,36,Boston College,14,12,5.0,17.0,62.0,128.0,411.0,10.0,12.0,13.0,37.0,3585.0,0.0,9.0,1.0,1571.0,13408.0,78.0,173.0,10.0,166.0,20.0,191.0,12.0,50.0,2145.0,1.0,437.0,324.0,1529.0,42.0,5497.0,14.0,3.0,111.0,0.0,2334.0,21.0,46.0,215.0,169.0,104.0,6.0,83.0,9.0,13.0,2.0,868.0,4.0,6.0,215.0,1.0,0.0,47.0,5.0,0.0,46.0,921.0,267.0,0.0,13.0,,,,
2011,7,False,True,56,Maryland,45,12,6.0,29.0,62.0,147.0,434.0,7.0,16.0,11.0,22.0,4556.0,0.0,13.0,3.0,2032.0,11232.0,95.0,233.0,16.0,174.0,23.0,243.0,14.0,49.0,2664.0,15.0,421.0,434.0,1871.0,47.0,6528.0,15.0,4.0,136.0,0.0,2834.0,23.0,46.0,235.0,206.0,126.0,6.0,97.0,11.0,17.0,2.0,1048.0,4.0,8.0,256.0,3.0,0.0,47.0,6.0,0.0,70.0,1396.0,273.0,0.0,14.0,,,,
2011,8,True,True,59,North Carolina,38,13,7.0,13.0,64.0,55.0,623.0,12.0,22.0,14.0,37.0,5112.0,0.0,6.0,0.0,1805.0,13797.0,74.0,249.0,14.0,158.0,26.0,249.0,26.0,70.0,3514.0,10.0,442.0,371.0,2150.0,55.0,7988.0,19.0,4.0,164.0,0.0,3410.0,27.0,46.0,275.0,244.0,152.0,8.0,112.0,13.0,21.0,3.0,1354.0,5.0,8.0,298.0,3.0,0.0,76.0,7.0,1.0,59.0,1365.0,521.0,1.0,21.0,,,,
2011,9,False,False,17,Georgia Tech,31,13,8.0,19.0,98.0,177.0,480.0,11.0,45.0,14.0,32.0,5964.0,0.0,10.0,3.0,4114.0,15264.0,130.0,82.0,8.0,182.0,19.0,265.0,11.0,58.0,1927.0,5.0,718.0,167.0,2547.0,63.0,9087.0,24.0,7.0,190.0,0.0,3860.0,30.0,52.0,307.0,292.0,180.0,9.0,130.0,14.0,25.0,3.0,1431.0,6.0,8.0,334.0,3.0,1.0,115.0,10.0,0.0,42.0,807.0,675.0,1.0,28.0,,,,
2011,11,True,True,31,Wake Forest,28,13,9.0,25.0,67.0,241.0,566.0,4.0,18.0,13.0,35.0,4781.0,1.0,13.0,0.0,1490.0,14297.0,148.0,278.0,8.0,189.0,12.0,262.0,22.0,63.0,3540.0,8.0,464.0,457.0,2870.0,68.0,9826.0,25.0,8.0,208.0,0.0,4259.0,35.0,52.0,337.0,333.0,204.0,13.0,143.0,15.0,27.0,5.0,1526.0,8.0,8.0,358.0,3.0,1.0,141.0,11.0,0.0,62.0,1195.0,799.0,1.0,34.0,,,,
2011,12,False,False,13,NC State,37,13,10.0,23.0,87.0,381.0,440.0,15.0,10.0,27.0,39.0,4483.0,1.0,11.0,3.0,1363.0,14969.0,208.0,291.0,12.0,201.0,27.0,239.0,32.0,60.0,3354.0,8.0,448.0,466.0,3213.0,77.0,10914.0,27.0,8.0,235.0,0.0,4781.0,41.0,55.0,395.0,377.0,231.0,16.0,159.0,17.0,28.0,7.0,1705.0,9.0,11.0,400.0,5.0,1.0,141.0,11.0,0.0,52.0,1121.0,902.0,1.0,38.0,,,,
2011,13,False,False,13,South Carolina,34,13,11.0,31.0,78.0,151.0,633.0,12.0,28.0,19.0,47.0,4856.0,1.0,23.0,2.0,2497.0,16006.0,156.0,191.0,15.0,181.0,27.0,248.0,19.0,82.0,2534.0,13.0,553.0,317.0,3554.0,79.0,11755.0,27.0,8.0,253.0,0.0,5118.0,46.0,58.0,437.0,418.0,256.0,20.0,173.0,18.0,34.0,9.0,1739.0,11.0,14.0,428.0,6.0,1.0,141.0,11.0,0.0,38.0,808.0,1027.0,1.0,46.0,,,,
2011,14,True,True,38,Virginia Tech,10,14,12.0,20.0,94.0,203.0,737.0,8.0,26.0,16.0,50.0,5782.0,1.0,9.0,0.0,2616.0,17323.0,334.0,243.0,10.0,205.0,18.0,294.0,21.0,82.0,3284.0,6.0,590.0,405.0,3671.0,85.0,12598.0,28.0,8.0,265.0,0.0,5271.0,51.0,87.0,462.0,448.0,267.0,21.0,190.0,18.0,36.0,10.0,1809.0,11.0,16.0,458.0,7.0,1.0,141.0,11.0,0.0,48.0,937.0,1176.0,1.0,51.0,,,,
2012,2,True,True,52,Ball State,27,13,1.0,15.0,89.0,53.0,614.0,7.0,24.0,7.0,17.0,5944.0,0.0,9.0,0.0,2642.0,25045.0,177.0,319.0,10.0,189.0,17.0,363.0,28.0,61.0,3302.0,7.0,543.0,492.0,208.0,8.0,1889.0,1.0,1.0,28.0,,528.0,6.0,,30.0,35.0,24.0,1.0,17.0,1.0,,1.0,320.0,0.0,1.0,52.0,1.0,0.0,0.0,1.0,0.0,45.0,1056.0,30.0,0.0,2.0,,,,
2012,4,False,False,37,Florida State,49,14,3.0,6.0,69.0,172.0,809.0,18.0,40.0,11.0,37.0,6591.0,3.0,3.0,0.0,2882.0,27797.0,536.0,288.0,10.0,163.0,28.0,322.0,24.0,89.0,3709.0,9.0,513.0,428.0,894.0,24.0,5027.0,7.0,1.0,79.0,0.0,1552.0,16.0,13.0,128.0,113.0,80.0,2.0,48.0,7.0,1.0,2.0,658.0,0.0,3.0,126.0,3.0,0.0,30.0,5.0,0.0,31.0,764.0,160.0,0.0,9.0,,,,
2012,5,False,True,45,Boston College,31,12,4.0,18.0,48.0,80.0,388.0,11.0,7.0,10.0,13.0,4188.0,1.0,5.0,0.0,1086.0,19322.0,282.0,256.0,13.0,164.0,24.0,235.0,18.0,48.0,3102.0,9.0,345.0,473.0,1184.0,31.0,6639.0,11.0,3.0,100.0,0.0,1978.0,19.0,13.0,158.0,152.0,102.0,3.0,65.0,8.0,1.0,3.0,794.0,0.0,5.0,164.0,5.0,0.0,30.0,5.0,0.0,49.0,859.0,208.0,0.0,12.0,,,,
2012,6,True,True,47,Georgia Tech,31,14,5.0,37.0,88.0,131.0,539.0,13.0,48.0,16.0,20.0,6175.0,0.0,23.0,1.0,4357.0,28617.0,252.0,102.0,8.0,194.0,21.0,302.0,12.0,67.0,1818.0,9.0,808.0,194.0,1551.0,41.0,8366.0,14.0,3.0,127.0,0.0,2554.0,27.0,11.0,212.0,190.0,130.0,5.0,81.0,11.0,2.0,4.0,1003.0,1.0,6.0,210.0,5.0,0.0,50.0,7.0,2.0,44.0,1046.0,337.0,0.0,17.0,,,,
2012,8,True,True,38,Virginia Tech,17,13,6.0,20.0,81.0,100.0,663.0,8.0,18.0,13.0,36.0,4898.0,1.0,7.0,0.0,1896.0,23548.0,383.0,224.0,17.0,212.0,25.0,250.0,18.0,78.0,3002.0,8.0,507.0,437.0,1948.0,54.0,10259.0,16.0,4.0,158.0,0.0,3155.0,29.0,10.0,227.0,232.0,156.0,7.0,100.0,14.0,3.0,6.0,1207.0,1.0,7.0,261.0,6.0,0.0,50.0,7.0,1.0,45.0,1082.0,432.0,0.0,22.0,,,,
2012,9,False,True,42,Wake Forest,13,12,7.0,21.0,63.0,45.0,461.0,8.0,15.0,11.0,16.0,3616.0,0.0,10.0,1.0,1206.0,21660.0,156.0,239.0,7.0,198.0,15.0,188.0,13.0,53.0,2410.0,12.0,402.0,427.0,2108.0,60.0,11819.0,17.0,4.0,173.0,0.0,3450.0,33.0,45.0,266.0,253.0,168.0,8.0,115.0,17.0,7.0,7.0,1342.0,1.0,8.0,306.0,7.0,1.0,136.0,10.0,0.0,39.0,644.0,481.0,0.0,24.0,,,,
2012,10,False,True,56,Duke,20,13,8.0,27.0,69.0,86.0,637.0,9.0,18.0,11.0,25.0,5319.0,2.0,15.0,2.0,1628.0,24388.0,358.0,352.0,12.0,199.0,21.0,288.0,27.0,76.0,3691.0,12.0,439.0,551.0,2541.0,70.0,13674.0,22.0,5.0,199.0,0.0,3984.0,42.0,49.0,345.0,293.0,197.0,8.0,132.0,18.0,10.0,7.0,1443.0,1.0,8.0,351.0,7.0,1.0,136.0,10.0,0.0,57.0,1043.0,495.0,0.0,25.0,,,,
2012,11,True,True,45,Maryland,10,12,9.0,17.0,52.0,44.0,435.0,17.0,11.0,4.0,26.0,3417.0,0.0,10.0,0.0,1236.0,23026.0,232.0,165.0,12.0,174.0,29.0,184.0,17.0,48.0,2181.0,17.0,472.0,304.0,2925.0,77.0,15275.0,28.0,5.0,232.0,0.0,4702.0,48.0,77.0,410.0,322.0,218.0,12.0,142.0,20.0,16.0,10.0,1777.0,2.0,10.0,403.0,8.0,1.0,136.0,10.0,2.0,41.0,959.0,561.0,0.0,28.0,,,,
2012,12,True,True,62,NC State,48,13,10.0,27.0,95.0,192.0,656.0,16.0,12.0,16.0,36.0,5475.0,1.0,14.0,1.0,1444.0,23764.0,316.0,330.0,17.0,230.0,33.0,283.0,31.0,87.0,4031.0,8.0,471.0,569.0,3226.0,84.0,17129.0,32.0,8.0,259.0,0.0,5138.0,49.0,102.0,415.0,356.0,241.0,15.0,157.0,21.0,20.0,10.0,1912.0,5.0,13.0,445.0,11.0,1.0,136.0,10.0,2.0,53.0,1219.0,649.0,0.0,31.0,,,,
2012,13,True,False,17,South Carolina,27,13,11.0,17.0,75.0,246.0,526.0,11.0,19.0,15.0,31.0,4895.0,2.0,10.0,2.0,1800.0,23591.0,427.0,225.0,9.0,176.0,20.0,259.0,29.0,63.0,3095.0,9.0,491.0,365.0,3652.0,93.0,19115.0,37.0,9.0,294.0,0.0,5892.0,53.0,102.0,455.0,400.0,271.0,17.0,176.0,24.0,21.0,12.0,2240.0,5.0,15.0,503.0,13.0,1.0,136.0,11.0,0.0,27.0,563.0,692.0,0.0,33.0,,,,
2013,4,False,True,26,NC State,14,12,2.0,31.0,82.0,146.0,520.0,6.0,14.0,12.0,22.0,4842.0,2.0,14.0,1.0,1952.0,22758.0,275.0,249.0,15.0,215.0,21.0,249.0,14.0,69.0,2890.0,9.0,519.0,426.0,599.0,19.0,4160.0,6.0,2.0,49.0,0.0,979.0,9.0,9.0,68.0,81.0,54.0,2.0,37.0,4.0,2.0,0.0,380.0,2.0,3.0,90.0,2.0,2.0,105.0,3.0,0.0,44.0,835.0,103.0,0.0,5.0,,,,
2013,5,True,True,56,Wake Forest,7,12,3.0,12.0,65.0,213.0,596.0,9.0,11.0,12.0,22.0,3488.0,0.0,10.0,2.0,1129.0,21894.0,126.0,219.0,14.0,184.0,23.0,200.0,14.0,71.0,2359.0,9.0,388.0,414.0,843.0,29.0,5791.0,9.0,3.0,71.0,0.0,1394.0,15.0,17.0,113.0,118.0,78.0,2.0,56.0,4.0,4.0,0.0,551.0,2.0,5.0,130.0,3.0,2.0,105.0,4.0,0.0,21.0,366.0,103.0,0.0,5.0,,,,
2013,6,False,True,49,Syracuse,14,13,4.0,17.0,81.0,163.0,804.0,5.0,25.0,15.0,33.0,4899.0,0.0,8.0,0.0,2533.0,23660.0,258.0,242.0,17.0,209.0,22.0,251.0,13.0,99.0,2366.0,9.0,553.0,405.0,1250.0,37.0,7608.0,13.0,4.0,98.0,0.0,1967.0,19.0,55.0,153.0,154.0,106.0,2.0,73.0,8.0,8.0,0.0,717.0,2.0,9.0,177.0,6.0,2.0,106.0,5.0,0.0,37.0,722.0,121.0,0.0,6.0,,,,
2013,7,True,True,24,Boston College,14,13,5.0,9.0,61.0,163.0,399.0,9.0,24.0,9.0,20.0,4774.0,0.0,5.0,1.0,2762.0,22899.0,194.0,165.0,8.0,177.0,17.0,211.0,17.0,47.0,2012.0,11.0,523.0,269.0,1718.0,41.0,9340.0,18.0,4.0,125.0,0.0,2591.0,23.0,95.0,188.0,187.0,130.0,4.0,85.0,10.0,12.0,2.0,873.0,2.0,10.0,221.0,6.0,2.0,106.0,9.0,1.0,47.0,946.0,152.0,0.0,8.0,,,,
2013,8,True,False,14,Florida State,51,14,6.0,4.0,82.0,529.0,694.0,5.0,42.0,26.0,37.0,7267.0,0.0,3.0,5.0,2844.0,24612.0,340.0,288.0,13.0,157.0,18.0,357.0,42.0,79.0,4423.0,9.0,505.0,442.0,2052.0,45.0,11059.0,19.0,5.0,148.0,0.0,3087.0,28.0,114.0,223.0,232.0,160.0,6.0,102.0,11.0,15.0,2.0,1035.0,4.0,14.0,258.0,8.0,2.0,110.0,10.0,2.0,32.0,873.0,176.0,0.0,9.0,,,,
2013,9,False,True,40,Maryland,27,13,7.0,18.0,60.0,118.0,477.0,18.0,18.0,11.0,19.0,5160.0,1.0,6.0,2.0,1929.0,23479.0,204.0,230.0,10.0,189.0,28.0,246.0,18.0,58.0,3231.0,10.0,476.0,415.0,2255.0,50.0,12514.0,20.0,5.0,174.0,0.0,3413.0,35.0,159.0,319.0,277.0,182.0,10.0,117.0,12.0,16.0,4.0,1158.0,6.0,19.0,299.0,11.0,2.0,139.0,11.0,0.0,51.0,1165.0,244.0,0.0,14.0,,,,
2013,10,False,True,59,Virginia,10,12,8.0,25.0,87.0,42.0,659.0,9.0,18.0,10.0,33.0,4421.0,0.0,6.0,0.0,1879.0,23984.0,235.0,277.0,17.0,229.0,26.0,253.0,9.0,81.0,2542.0,11.0,489.0,506.0,2559.0,58.0,14491.0,21.0,7.0,204.0,0.0,3953.0,39.0,157.0,349.0,318.0,210.0,13.0,134.0,15.0,17.0,5.0,1394.0,8.0,20.0,356.0,11.0,2.0,192.0,13.0,0.0,54.0,1003.0,290.0,0.0,17.0,,,,
2013,12,True,True,55,Georgia Tech,31,13,9.0,18.0,90.0,255.0,529.0,11.0,46.0,14.0,19.0,5586.0,0.0,8.0,2.0,3891.0,25854.0,160.0,92.0,13.0,175.0,24.0,283.0,12.0,63.0,1695.0,6.0,713.0,203.0,2994.0,64.0,16201.0,24.0,8.0,230.0,0.0,4563.0,42.0,198.0,374.0,363.0,244.0,14.0,151.0,20.0,21.0,6.0,1569.0,8.0,22.0,399.0,12.0,2.0,244.0,15.0,0.0,40.0,881.0,303.0,0.0,18.0,,,,
2013,14,False,False,17,South Carolina,31,13,11.0,30.0,79.0,121.0,543.0,13.0,27.0,18.0,22.0,5880.0,0.0,21.0,0.0,2580.0,25132.0,83.0,239.0,4.0,180.0,17.0,291.0,30.0,68.0,3300.0,12.0,537.0,383.0,3727.0,75.0,19033.0,34.0,10.0,285.0,0.0,5672.0,50.0,244.0,454.0,425.0,291.0,16.0,173.0,23.0,26.0,7.0,1945.0,9.0,25.0,479.0,15.0,2.0,264.0,16.0,0.0,38.0,709.0,375.0,0.0,22.0,,,,
2014,4,False,False,17,Florida State,23,14,2.0,6.0,80.0,156.0,668.0,12.0,27.0,14.0,18.0,6179.0,0.0,0.0,2.0,1933.0,25427.0,179.0,330.0,20.0,176.0,32.0,322.0,26.0,87.0,4246.0,12.0,451.0,516.0,670.0,17.0,3801.0,5.0,1.0,47.0,0.0,1026.0,4.0,-4.0,45.0,75.0,50.0,2.0,38.0,6.0,4.0,1.0,356.0,1.0,4.0,94.0,3.0,1.0,60.0,1.0,0.0,18.0,306.0,145.0,0.0,9.0,,,,
2014,5,True,True,50,North Carolina,35,13,3.0,23.0,84.0,232.0,821.0,10.0,26.0,12.0,38.0,5587.0,0.0,11.0,3.0,1973.0,20387.0,173.0,315.0,13.0,198.0,23.0,311.0,29.0,98.0,3614.0,11.0,496.0,509.0,976.0,22.0,5754.0,5.0,1.0,64.0,0.0,1433.0,7.0,-4.0,75.0,108.0,72.0,3.0,54.0,8.0,5.0,1.0,457.0,2.0,5.0,134.0,3.0,1.0,88.0,3.0,0.0,49.0,1046.0,170.0,0.0,11.0,,,,
2014,6,True,True,41,NC State,0,13,4.0,10.0,81.0,159.0,558.0,9.0,26.0,10.0,15.0,5311.0,0.0,5.0,1.0,2659.0,23350.0,66.0,224.0,6.0,177.0,15.0,282.0,24.0,63.0,2652.0,10.0,508.0,381.0,1412.0,32.0,7788.0,11.0,1.0,91.0,0.0,1961.0,11.0,16.0,94.0,147.0,100.0,4.0,72.0,8.0,8.0,2.0,549.0,2.0,5.0,178.0,3.0,1.0,88.0,4.0,0.0,37.0,650.0,222.0,0.0,14.0,,,,
2014,7,True,True,23,Louisville,17,13,5.0,21.0,78.0,310.0,641.0,16.0,28.0,26.0,38.0,5131.0,0.0,11.0,1.0,1855.0,25597.0,274.0,237.0,10.0,199.0,26.0,265.0,21.0,90.0,3276.0,4.0,511.0,428.0,1679.0,44.0,9868.0,13.0,4.0,116.0,0.0,2454.0,20.0,50.0,191.0,177.0,117.0,4.0,91.0,10.0,13.0,2.0,775.0,2.0,6.0,228.0,3.0,1.0,88.0,4.0,1.0,36.0,758.0,240.0,0.0,15.0,,,,
2014,8,False,True,17,Boston College,13,13,6.0,21.0,64.0,86.0,478.0,3.0,31.0,9.0,16.0,4988.0,0.0,12.0,0.0,3307.0,25768.0,125.0,135.0,10.0,178.0,13.0,248.0,13.0,57.0,1681.0,5.0,635.0,243.0,1836.0,46.0,11525.0,13.0,6.0,128.0,1.0,2683.0,23.0,157.0,205.0,216.0,139.0,6.0,107.0,10.0,21.0,4.0,847.0,2.0,7.0,261.0,3.0,1.0,88.0,4.0,1.0,35.0,854.0,306.0,0.0,18.0,,,,
2014,9,True,True,16,Syracuse,6,12,7.0,12.0,61.0,91.0,709.0,4.0,12.0,8.0,20.0,3951.0,0.0,6.0,2.0,1742.0,19200.0,167.0,207.0,17.0,179.0,21.0,202.0,6.0,86.0,2209.0,12.0,424.0,383.0,2121.0,56.0,13667.0,13.0,6.0,150.0,1.0,3081.0,27.0,167.0,235.0,262.0,168.0,6.0,128.0,12.0,24.0,4.0,960.0,2.0,7.0,296.0,3.0,1.0,88.0,4.0,0.0,38.0,713.0,357.0,0.0,21.0,,,,
2014,11,False,True,34,Wake Forest,20,12,8.0,20.0,52.0,136.0,574.0,7.0,4.0,6.0,21.0,2595.0,1.0,8.0,1.0,479.0,21407.0,165.0,225.0,14.0,184.0,21.0,172.0,12.0,60.0,2116.0,13.0,383.0,385.0,2330.0,62.0,15752.0,14.0,7.0,173.0,1.0,3456.0,29.0,170.0,250.0,297.0,192.0,10.0,145.0,12.0,26.0,6.0,1126.0,4.0,8.0,344.0,4.0,1.0,96.0,6.0,0.0,36.0,664.0,401.0,0.0,23.0,,,,
2014,12,False,False,6,Georgia Tech,28,14,9.0,17.0,99.0,328.0,576.0,12.0,47.0,18.0,13.0,6671.0,0.0,12.0,5.0,4789.0,28525.0,97.0,106.0,6.0,171.0,18.0,350.0,19.0,69.0,1882.0,11.0,790.0,203.0,2612.0,71.0,18265.0,17.0,7.0,193.0,1.0,3883.0,37.0,167.0,325.0,339.0,219.0,12.0,165.0,13.0,27.0,7.0,1271.0,5.0,12.0,381.0,5.0,1.0,96.0,6.0,0.0,41.0,892.0,445.0,0.0,25.0,,,,
2014,13,True,True,28,Georgia State,0,12,10.0,16.0,80.0,28.0,514.0,12.0,13.0,3.0,7.0,4504.0,0.0,9.0,0.0,1156.0,20394.0,77.0,264.0,18.0,172.0,30.0,244.0,23.0,66.0,3348.0,5.0,390.0,446.0,2671.0,74.0,19742.0,17.0,9.0,203.0,1.0,4073.0,40.0,173.0,346.0,360.0,230.0,15.0,178.0,13.0,28.0,10.0,1402.0,5.0,12.0,414.0,5.0,1.0,96.0,6.0,0.0,55.0,990.0,499.0,0.0,27.0,,,,
2014,14,True,True,35,South Carolina,17,13,11.0,23.0,76.0,203.0,596.0,10.0,23.0,11.0,20.0,5754.0,0.0,12.0,2.0,2093.0,23989.0,100.0,277.0,11.0,176.0,21.0,305.0,28.0,70.0,3661.0,8.0,479.0,468.0,2819.0,79.0,21944.0,18.0,9.0,225.0,1.0,4430.0,44.0,194.0,386.0,393.0,251.0,17.0,191.0,16.0,30.0,11.0,1611.0,6.0,14.0,457.0,5.0,1.0,162.0,9.0,0.0,40.0,746.0,499.0,0.0,27.0,,,,
2015,2,True,True,41,App State,10,13,1.0,24.0,73.0,280.0,739.0,13.0,25.0,18.0,20.0,6075.0,0.0,15.0,3.0,3529.0,24402.0,99.0,180.0,9.0,170.0,22.0,292.0,33.0,84.0,2546.0,6.0,605.0,297.0,311.0,9.0,1723.0,2.0,0.0,27.0,0.0,533.0,6.0,10.0,55.0,37.0,30.0,2.0,15.0,5.0,5.0,0.0,222.0,2.0,2.0,43.0,2.0,,,,0.0,38.0,804.0,39.0,0.0,1.0,,,,
2015,3,False,True,20,Louisville,17,13,2.0,15.0,69.0,229.0,814.0,12.0,23.0,17.0,30.0,5409.0,0.0,7.0,1.0,2223.0,23001.0,212.0,227.0,15.0,181.0,27.0,271.0,21.0,97.0,3186.0,9.0,491.0,409.0,563.0,14.0,3499.0,5.0,1.0,49.0,0.0,925.0,15.0,27.0,130.0,68.0,51.0,4.0,30.0,6.0,8.0,2.0,362.0,2.0,3.0,87.0,3.0,1.0,21.0,3.0,1.0,32.0,625.0,131.0,0.0,3.0,,,,
2015,5,True,True,24,Notre Dame,22,13,3.0,8.0,68.0,65.0,586.0,10.0,29.0,9.0,29.0,6063.0,2.0,5.0,1.0,2699.0,23106.0,215.0,241.0,10.0,160.0,20.0,292.0,25.0,67.0,3364.0,5.0,479.0,385.0,762.0,19.0,5334.0,7.0,1.0,69.0,0.0,1326.0,21.0,27.0,183.0,98.0,72.0,6.0,44.0,6.0,8.0,4.0,564.0,2.0,3.0,127.0,3.0,1.0,28.0,5.0,1.0,38.0,825.0,153.0,0.0,5.0,,,,
2015,6,True,True,43,Georgia Tech,24,12,4.0,26.0,52.0,70.0,329.0,14.0,30.0,9.0,23.0,4536.0,0.0,13.0,1.0,3074.0,22417.0,189.0,81.0,10.0,149.0,24.0,233.0,14.0,38.0,1462.0,8.0,583.0,192.0,846.0,24.0,7136.0,9.0,4.0,84.0,0.0,1622.0,26.0,27.0,227.0,119.0,82.0,7.0,59.0,7.0,9.0,5.0,776.0,2.0,3.0,170.0,3.0,1.0,28.0,6.0,0.0,32.0,590.0,281.0,0.0,9.0,,,,
2015,7,True,True,34,Boston College,17,12,5.0,13.0,46.0,63.0,682.0,11.0,17.0,13.0,36.0,3307.0,1.0,5.0,1.0,1973.0,21543.0,230.0,111.0,9.0,172.0,20.0,174.0,8.0,78.0,1334.0,10.0,502.0,249.0,1182.0,34.0,8972.0,11.0,4.0,108.0,0.0,2159.0,30.0,51.0,272.0,152.0,105.0,10.0,75.0,10.0,10.0,6.0,977.0,4.0,4.0,211.0,3.0,1.0,38.0,7.0,0.0,32.0,806.0,346.0,0.0,12.0,,,,
2015,8,False,True,58,Miami,0,13,6.0,18.0,64.0,172.0,1083.0,5.0,20.0,15.0,22.0,5150.0,1.0,13.0,0.0,1548.0,23054.0,198.0,268.0,9.0,183.0,14.0,249.0,18.0,121.0,3602.0,10.0,423.0,449.0,1602.0,39.0,10898.0,14.0,4.0,132.0,0.0,2691.0,36.0,52.0,317.0,194.0,132.0,12.0,90.0,11.0,15.0,8.0,1089.0,4.0,5.0,247.0,4.0,1.0,38.0,7.0,1.0,39.0,575.0,422.0,0.0,15.0,,,,
2015,9,False,True,56,NC State,41,13,7.0,31.0,81.0,77.0,687.0,7.0,36.0,13.0,28.0,5367.0,1.0,19.0,1.0,2627.0,25782.0,363.0,246.0,6.0,198.0,13.0,280.0,20.0,72.0,2740.0,9.0,540.0,413.0,1753.0,47.0,12930.0,15.0,4.0,165.0,0.0,3258.0,40.0,53.0,346.0,219.0,149.0,13.0,104.0,17.0,16.0,8.0,1505.0,5.0,6.0,310.0,5.0,2.0,116.0,10.0,1.0,42.0,1055.0,433.0,0.0,16.0,,,,
2015,10,True,True,23,Florida State,13,13,8.0,9.0,61.0,104.0,702.0,6.0,27.0,8.0,36.0,5512.0,0.0,4.0,0.0,2187.0,22944.0,127.0,264.0,9.0,162.0,15.0,268.0,22.0,89.0,3325.0,7.0,425.0,419.0,2136.0,55.0,14974.0,20.0,5.0,192.0,0.0,3881.0,46.0,53.0,385.0,249.0,172.0,14.0,119.0,19.0,20.0,8.0,1745.0,6.0,6.0,360.0,5.0,2.0,116.0,10.0,0.0,25.0,624.0,524.0,0.0,20.0,,,,
2015,11,False,True,37,Syracuse,27,12,9.0,15.0,54.0,134.0,577.0,9.0,15.0,11.0,19.0,3839.0,2.0,11.0,2.0,1958.0,21094.0,271.0,164.0,9.0,164.0,18.0,203.0,19.0,64.0,1881.0,12.0,445.0,306.0,2433.0,62.0,16885.0,21.0,6.0,221.0,0.0,4393.0,49.0,50.0,417.0,292.0,200.0,14.0,137.0,20.0,21.0,8.0,1960.0,6.0,7.0,402.0,5.0,2.0,116.0,11.0,0.0,39.0,822.0,550.0,0.0,22.0,,,,
2015,12,True,True,33,Wake Forest,13,12,10.0,17.0,66.0,46.0,557.0,6.0,12.0,6.0,25.0,4001.0,0.0,7.0,0.0,1262.0,22427.0,90.0,236.0,18.0,189.0,24.0,227.0,13.0,61.0,2739.0,5.0,417.0,417.0,2801.0,67.0,18823.0,23.0,7.0,250.0,0.0,4963.0,57.0,52.0,486.0,340.0,235.0,17.0,152.0,22.0,23.0,9.0,2162.0,8.0,8.0,438.0,6.0,2.0,116.0,11.0,0.0,25.0,437.0,658.0,0.0,28.0,,,,
2015,13,False,True,37,South Carolina,32,12,11.0,20.0,58.0,37.0,468.0,3.0,11.0,12.0,12.0,4346.0,0.0,11.0,0.0,1856.0,20512.0,55.0,191.0,12.0,165.0,15.0,216.0,17.0,60.0,2490.0,8.0,423.0,351.0,3182.0,76.0,20686.0,26.0,8.0,274.0,0.0,5515.0,63.0,52.0,542.0,380.0,263.0,21.0,168.0,23.0,25.0,12.0,2333.0,9.0,10.0,480.0,6.0,2.0,121.0,12.0,1.0,34.0,796.0,696.0,0.0,30.0,,,,
2015,14,True,True,45,North Carolina,37,14,12.0,12.0,80.0,204.0,650.0,9.0,40.0,17.0,25.0,6817.0,2.0,7.0,0.0,3142.0,21229.0,303.0,261.0,10.0,165.0,19.0,335.0,31.0,80.0,3675.0,9.0,527.0,409.0,3461.0,85.0,22531.0,27.0,8.0,299.0,0.0,6030.0,64.0,52.0,547.0,407.0,283.0,24.0,181.0,27.0,25.0,12.0,2569.0,12.0,10.0,527.0,6.0,2.0,128.0,13.0,0.0,33.0,663.0,696.0,0.0,30.0,,,,
2016,2,True,True,30,Troy,24,13,1.0,26.0,71.0,239.0,803.0,7.0,28.0,22.0,25.0,5585.0,1.0,17.0,0.0,2199.0,24135.0,199.0,315.0,13.0,192.0,20.0,300.0,25.0,88.0,3386.0,8.0,485.0,492.0,248.0,6.0,1829.0,1.0,1.0,19.0,,399.0,6.0,,55.0,34.0,19.0,2.0,17.0,1.0,,1.0,151.0,1.0,3.0,44.0,1.0,0.0,0.0,2.0,1.0,38.0,831.0,16.0,0.0,1.0,92.0,29.0,14.0,4.0
2016,4,False,True,26,Georgia Tech,7,13,3.0,22.0,64.0,137.0,512.0,11.0,34.0,11.0,12.0,5034.0,0.0,11.0,1.0,3355.0,23625.0,131.0,83.0,4.0,154.0,15.0,231.0,9.0,58.0,1679.0,6.0,611.0,160.0,868.0,22.0,5155.0,9.0,2.0,70.0,0.0,1368.0,20.0,187.0,185.0,122.0,73.0,5.0,51.0,3.0,12.0,3.0,500.0,2.0,7.0,119.0,3.0,0.0,54.0,6.0,1.0,27.0,578.0,59.0,0.0,3.0,57.0,18.0,31.0,10.0
2016,5,True,True,42,Louisville,36,13,4.0,16.0,74.0,221.0,919.0,22.0,37.0,15.0,29.0,6925.0,1.0,11.0,1.0,3148.0,22448.0,211.0,248.0,10.0,180.0,32.0,323.0,32.0,101.0,3777.0,10.0,525.0,436.0,1172.0,32.0,7051.0,11.0,2.0,94.0,0.0,1810.0,30.0,204.0,265.0,170.0,105.0,6.0,69.0,4.0,15.0,4.0,638.0,2.0,7.0,153.0,3.0,0.0,62.0,7.0,0.0,41.0,825.0,82.0,0.0,4.0,97.0,30.0,38.0,13.0
2016,6,False,True,56,Boston College,10,13,5.0,22.0,66.0,149.0,746.0,12.0,16.0,12.0,26.0,3807.0,0.0,11.0,1.0,1938.0,26104.0,321.0,150.0,8.0,211.0,20.0,189.0,14.0,90.0,1869.0,15.0,566.0,296.0,1478.0,36.0,8402.0,16.0,4.0,120.0,0.0,2317.0,36.0,203.0,324.0,201.0,125.0,11.0,78.0,5.0,17.0,7.0,839.0,4.0,7.0,184.0,3.0,0.0,62.0,8.0,1.0,30.0,683.0,299.0,0.0,12.0,107.0,47.0,48.0,18.0
2016,7,True,True,24,NC State,17,13,6.0,27.0,84.0,130.0,810.0,8.0,23.0,10.0,16.0,5413.0,1.0,12.0,2.0,2030.0,24839.0,132.0,263.0,12.0,193.0,20.0,284.0,20.0,78.0,3383.0,12.0,504.0,438.0,1756.0,42.0,9714.0,20.0,5.0,141.0,0.0,2825.0,40.0,207.0,347.0,227.0,141.0,12.0,90.0,8.0,22.0,7.0,1069.0,5.0,8.0,219.0,3.0,1.0,104.0,9.0,1.0,39.0,880.0,360.0,0.0,15.0,89.0,37.0,56.0,21.0
2016,9,False,True,37,Florida State,34,13,7.0,5.0,74.0,37.0,948.0,12.0,33.0,15.0,23.0,6063.0,1.0,3.0,0.0,2630.0,25680.0,163.0,244.0,8.0,170.0,20.0,321.0,23.0,100.0,3433.0,8.0,518.0,421.0,2134.0,52.0,11468.0,22.0,5.0,171.0,0.0,3320.0,45.0,207.0,387.0,279.0,180.0,16.0,107.0,9.0,23.0,8.0,1186.0,8.0,12.0,258.0,6.0,1.0,117.0,11.0,0.0,33.0,745.0,396.0,0.0,17.0,92.0,49.0,63.0,25.0
2016,10,True,True,54,Syracuse,0,12,8.0,27.0,84.0,93.0,729.0,7.0,15.0,10.0,18.0,5290.0,0.0,17.0,1.0,1435.0,20653.0,313.0,332.0,13.0,213.0,20.0,268.0,24.0,96.0,3855.0,9.0,449.0,522.0,2512.0,59.0,13450.0,24.0,5.0,196.0,0.0,3831.0,54.0,199.0,471.0,322.0,207.0,18.0,124.0,11.0,24.0,10.0,1319.0,8.0,14.0,296.0,8.0,1.0,120.0,12.0,0.0,64.0,1293.0,418.0,0.0,18.0,59.0,17.0,73.0,31.0
2016,11,True,False,42,Pittsburgh,43,13,9.0,13.0,79.0,182.0,647.0,9.0,36.0,9.0,18.0,5808.0,1.0,7.0,3.0,2926.0,24093.0,253.0,189.0,9.0,175.0,18.0,265.0,28.0,74.0,2882.0,10.0,542.0,324.0,2882.0,67.0,15397.0,28.0,5.0,224.0,0.0,4396.0,57.0,208.0,501.0,362.0,234.0,18.0,139.0,13.0,27.0,10.0,1514.0,8.0,16.0,340.0,10.0,2.0,205.0,15.0,3.0,40.0,1037.0,418.0,0.0,18.0,90.0,43.0,80.0,33.0
2016,12,False,True,35,Wake Forest,13,13,10.0,17.0,71.0,213.0,501.0,6.0,17.0,12.0,25.0,4049.0,0.0,7.0,2.0,1895.0,24038.0,70.0,190.0,13.0,204.0,19.0,225.0,9.0,61.0,2154.0,15.0,533.0,353.0,3462.0,79.0,17439.0,31.0,6.0,257.0,0.0,5026.0,66.0,209.0,602.0,432.0,286.0,21.0,157.0,16.0,30.0,13.0,1564.0,8.0,18.0,365.0,11.0,2.0,205.0,15.0,0.0,35.0,647.0,535.0,0.0,26.0,94.0,41.0,88.0,35.0
2016,13,True,True,56,South Carolina,7,13,11.0,25.0,63.0,37.0,606.0,13.0,20.0,15.0,15.0,4518.0,0.0,13.0,0.0,1747.0,23357.0,89.0,248.0,7.0,185.0,20.0,241.0,12.0,65.0,2771.0,12.0,475.0,402.0,3664.0,86.0,19340.0,32.0,6.0,278.0,0.0,5482.0,72.0,232.0,635.0,465.0,309.0,22.0,172.0,20.0,35.0,13.0,1818.0,9.0,22.0,407.0,13.0,2.0,205.0,15.0,1.0,33.0,825.0,573.0,0.0,28.0,70.0,21.0,96.0,39.0
2016,14,False,True,42,Virginia Tech,35,14,12.0,16.0,90.0,40.0,656.0,18.0,27.0,16.0,43.0,6229.0,1.0,9.0,0.0,2563.0,26255.0,337.0,279.0,8.0,212.0,26.0,330.0,31.0,71.0,3666.0,7.0,638.0,449.0,4036.0,96.0,21394.0,38.0,6.0,318.0,0.0,6104.0,79.0,264.0,710.0,501.0,339.0,23.0,187.0,22.0,37.0,14.0,2068.0,9.0,24.0,460.0,15.0,2.0,205.0,16.0,0.0,45.0,943.0,593.0,0.0,29.0,113.0,32.0,104.0,42.0
2017,2,True,True,14,Auburn,6,14,1.0,15.0,95.0,82.0,537.0,14.0,34.0,6.0,23.0,6323.0,1.0,7.0,2.0,3056.0,26343.0,175.0,255.0,6.0,210.0,20.0,312.0,21.0,63.0,3267.0,13.0,642.0,382.0,312.0,5.0,1615.0,2.0,0.0,34.0,0.0,665.0,4.0,26.0,45.0,35.0,25.0,1.0,10.0,6.0,4.0,1.0,353.0,0.0,1.0,43.0,1.0,,,,0.0,27.0,627.0,22.0,0.0,1.0,77.0,32.0,5.0,0.0
2017,3,False,True,47,Louisville,21,13,2.0,30.0,80.0,230.0,664.0,11.0,33.0,13.0,24.0,7084.0,0.0,19.0,2.0,3186.0,23728.0,123.0,277.0,10.0,182.0,21.0,352.0,29.0,82.0,3898.0,9.0,495.0,464.0,497.0,14.0,3270.0,2.0,0.0,52.0,0.0,946.0,12.0,43.0,105.0,66.0,45.0,3.0,26.0,8.0,8.0,1.0,449.0,2.0,1.0,79.0,1.0,,,,0.0,25.0,483.0,43.0,0.0,2.0,79.0,27.0,19.0,11.0
2017,4,True,True,34,Boston College,7,13,3.0,30.0,85.0,388.0,388.0,8.0,24.0,18.0,27.0,5027.0,0.0,12.0,2.0,2865.0,23736.0,354.0,198.0,12.0,221.0,20.0,246.0,16.0,47.0,2162.0,7.0,618.0,367.0,813.0,23.0,5402.0,3.0,0.0,77.0,0.0,1559.0,16.0,52.0,135.0,99.0,68.0,3.0,43.0,12.0,11.0,1.0,746.0,2.0,2.0,127.0,2.0,1.0,44.0,1.0,0.0,43.0,946.0,73.0,0.0,4.0,76.0,26.0,26.0,16.0
2017,5,False,True,31,Virginia Tech,17,13,4.0,27.0,86.0,267.0,548.0,5.0,19.0,13.0,39.0,5367.0,2.0,11.0,2.0,2254.0,25487.0,413.0,245.0,9.0,211.0,14.0,290.0,21.0,60.0,3113.0,6.0,584.0,412.0,953.0,31.0,7498.0,3.0,0.0,104.0,0.0,2041.0,18.0,106.0,145.0,125.0,85.0,5.0,59.0,17.0,13.0,3.0,1088.0,2.0,4.0,185.0,3.0,1.0,44.0,3.0,0.0,26.0,613.0,99.0,0.0,5.0,101.0,32.0,32.0,17.0
2017,6,True,True,28,Wake Forest,14,13,5.0,20.0,77.0,187.0,544.0,6.0,22.0,14.0,31.0,6055.0,1.0,12.0,1.0,2456.0,21101.0,323.0,268.0,7.0,195.0,13.0,296.0,33.0,69.0,3599.0,6.0,537.0,426.0,1139.0,37.0,9342.0,4.0,1.0,118.0,0.0,2373.0,22.0,106.0,165.0,146.0,97.0,5.0,75.0,19.0,13.0,3.0,1234.0,2.0,5.0,228.0,4.0,2.0,66.0,5.0,0.0,44.0,933.0,101.0,0.0,6.0,105.0,28.0,40.0,19.0
2017,7,False,False,24,Syracuse,27,12,6.0,38.0,90.0,62.0,593.0,8.0,16.0,4.0,19.0,5476.0,0.0,22.0,1.0,1938.0,21713.0,137.0,320.0,16.0,226.0,24.0,293.0,20.0,74.0,3538.0,8.0,479.0,548.0,1402.0,46.0,11447.0,6.0,1.0,143.0,0.0,2826.0,31.0,164.0,244.0,187.0,126.0,7.0,94.0,21.0,17.0,4.0,1424.0,3.0,8.0,276.0,7.0,2.0,66.0,5.0,0.0,38.0,863.0,104.0,0.0,7.0,67.0,16.0,48.0,22.0
2017,9,True,True,24,Georgia Tech,10,11,7.0,19.0,72.0,71.0,394.0,10.0,30.0,5.0,17.0,4308.0,0.0,8.0,1.0,3381.0,22122.0,125.0,43.0,5.0,158.0,15.0,214.0,10.0,44.0,927.0,4.0,632.0,119.0,1606.0,48.0,12955.0,6.0,2.0,159.0,0.0,3143.0,42.0,164.0,363.0,219.0,148.0,7.0,105.0,23.0,17.0,4.0,1537.0,3.0,9.0,301.0,7.0,2.0,66.0,5.0,1.0,45.0,775.0,157.0,0.0,9.0,47.0,17.0,57.0,28.0
2017,10,False,True,38,NC State,31,13,8.0,25.0,84.0,202.0,712.0,7.0,35.0,14.0,18.0,5873.0,2.0,14.0,2.0,2297.0,25552.0,197.0,315.0,6.0,188.0,13.0,302.0,17.0,78.0,3576.0,7.0,497.0,484.0,1813.0,55.0,14830.0,8.0,3.0,180.0,0.0,3571.0,47.0,165.0,408.0,252.0,170.0,8.0,122.0,24.0,18.0,4.0,1758.0,4.0,9.0,346.0,7.0,2.0,66.0,5.0,0.0,33.0,750.0,202.0,0.0,12.0,85.0,30.0,68.0,32.0
2017,11,True,True,31,Florida State,14,13,9.0,10.0,57.0,88.0,699.0,8.0,18.0,9.0,32.0,4575.0,0.0,5.0,2.0,2024.0,23435.0,255.0,202.0,13.0,163.0,21.0,234.0,21.0,78.0,2551.0,6.0,463.0,345.0,2004.0,62.0,16342.0,9.0,3.0,199.0,1.0,3986.0,50.0,253.0,431.0,290.0,190.0,9.0,138.0,27.0,20.0,5.0,1982.0,4.0,11.0,381.0,9.0,2.0,121.0,7.0,0.0,27.0,653.0,280.0,0.0,16.0,93.0,29.0,76.0,33.0
2017,13,False,True,34,South Carolina,10,13,11.0,14.0,65.0,140.0,494.0,5.0,16.0,14.0,21.0,4382.0,0.0,6.0,2.0,1588.0,22375.0,141.0,245.0,12.0,171.0,17.0,231.0,18.0,62.0,2794.0,14.0,405.0,397.0,2634.0,77.0,19923.0,14.0,4.0,250.0,1.0,5026.0,61.0,303.0,541.0,361.0,241.0,11.0,165.0,34.0,27.0,5.0,2392.0,6.0,12.0,459.0,10.0,2.0,165.0,10.0,2.0,33.0,713.0,361.0,0.0,20.0,67.0,26.0,94.0,39.0
2017,14,True,True,38,Miami,3,13,12.0,9.0,47.0,228.0,656.0,4.0,19.0,17.0,14.0,5248.0,0.0,6.0,2.0,2104.0,20719.0,220.0,226.0,14.0,163.0,18.0,251.0,26.0,69.0,3144.0,14.0,415.0,425.0,2919.0,84.0,22049.0,16.0,4.0,277.0,1.0,5495.0,63.0,303.0,566.0,399.0,266.0,13.0,181.0,36.0,27.0,7.0,2576.0,6.0,15.0,504.0,12.0,3.0,177.0,12.0,0.0,36.0,757.0,428.0,0.0,22.0,102.0,39.0,99.0,40.0
2018,2,False,True,28,Texas A&M,26,13,1.0,10.0,70.0,115.0,653.0,8.0,28.0,7.0,24.0,6129.0,0.0,5.0,1.0,2854.0,26806.0,209.0,253.0,9.0,169.0,17.0,336.0,25.0,79.0,3275.0,4.0,537.0,439.0,282.0,5.0,1530.0,4.0,2.0,23.0,0.0,531.0,4.0,87.0,50.0,35.0,23.0,0.0,12.0,2.0,2.0,0.0,249.0,0.0,3.0,35.0,1.0,,,,1.0,22.0,550.0,43.0,0.0,1.0,99.0,39.0,10.0,3.0
2018,3,True,True,38,Georgia Southern,7,13,2.0,11.0,57.0,257.0,530.0,5.0,35.0,15.0,12.0,4489.0,1.0,6.0,2.0,3462.0,23148.0,156.0,70.0,0.0,143.0,5.0,213.0,10.0,56.0,1027.0,12.0,642.0,117.0,580.0,9.0,3098.0,6.0,3.0,37.0,0.0,944.0,8.0,96.0,99.0,62.0,40.0,0.0,25.0,4.0,4.0,0.0,364.0,0.0,4.0,67.0,1.0,,,,0.0,27.0,481.0,59.0,0.0,2.0,64.0,27.0,20.0,7.0
2018,4,False,True,49,Georgia Tech,21,13,3.0,34.0,73.0,231.0,459.0,13.0,46.0,12.0,13.0,5314.0,0.0,18.0,2.0,4225.0,26097.0,91.0,56.0,4.0,164.0,17.0,275.0,7.0,47.0,1089.0,13.0,745.0,126.0,866.0,9.0,3098.0,7.0,4.0,37.0,0.0,1539.0,8.0,98.0,99.0,93.0,61.0,3.0,25.0,8.0,6.0,2.0,673.0,1.0,4.0,113.0,1.0,,,,2.0,29.0,643.0,59.0,0.0,2.0,54.0,16.0,27.0,12.0
2018,5,True,True,27,Syracuse,23,13,4.0,18.0,85.0,93.0,805.0,6.0,38.0,18.0,23.0,6032.0,2.0,10.0,0.0,2591.0,23624.0,356.0,271.0,12.0,212.0,18.0,303.0,22.0,96.0,3441.0,12.0,598.0,462.0,1098.0,14.0,4516.0,11.0,5.0,61.0,0.0,2019.0,14.0,130.0,167.0,123.0,80.0,5.0,34.0,10.0,8.0,4.0,921.0,1.0,4.0,149.0,1.0,,,,0.0,29.0,556.0,117.0,0.0,4.0,89.0,41.0,37.0,16.0
2018,6,False,True,63,Wake Forest,3,13,5.0,26.0,96.0,125.0,543.0,6.0,21.0,5.0,31.0,5863.0,2.0,15.0,2.0,2794.0,22007.0,325.0,247.0,13.0,229.0,19.0,320.0,25.0,55.0,3069.0,10.0,625.0,442.0,1274.0,19.0,6487.0,11.0,5.0,89.0,0.0,2488.0,17.0,128.0,183.0,152.0,97.0,8.0,49.0,13.0,10.0,5.0,1214.0,3.0,6.0,202.0,3.0,0.0,20.0,1.0,0.0,25.0,506.0,169.0,0.0,7.0,83.0,25.0,43.0,17.0
2018,8,True,True,41,NC State,7,13,6.0,17.0,77.0,113.0,556.0,7.0,24.0,10.0,14.0,5411.0,0.0,10.0,1.0,1694.0,23868.0,125.0,303.0,10.0,170.0,17.0,287.0,21.0,58.0,3717.0,7.0,448.0,453.0,1501.0,24.0,8269.0,14.0,5.0,111.0,0.0,3186.0,20.0,145.0,211.0,182.0,122.0,9.0,64.0,19.0,14.0,5.0,1685.0,4.0,7.0,242.0,4.0,0.0,20.0,2.0,0.0,18.0,375.0,169.0,0.0,7.0,83.0,35.0,55.0,20.0
2018,9,False,True,59,Florida State,10,12,7.0,24.0,54.0,125.0,843.0,13.0,11.0,12.0,23.0,4339.0,1.0,12.0,1.0,1092.0,19870.0,245.0,260.0,13.0,189.0,26.0,207.0,20.0,108.0,3247.0,3.0,392.0,455.0,1881.0,32.0,10033.0,15.0,6.0,135.0,0.0,3657.0,28.0,151.0,278.0,230.0,154.0,10.0,79.0,23.0,18.0,5.0,1776.0,5.0,8.0,274.0,4.0,0.0,85.0,4.0,0.0,36.0,696.0,209.0,0.0,8.0,68.0,28.0,65.0,21.0
2018,10,True,True,77,Louisville,16,12,8.0,22.0,56.0,81.0,798.0,10.0,18.0,6.0,14.0,4231.0,1.0,8.0,0.0,1698.0,19637.0,196.0,210.0,15.0,153.0,25.0,205.0,10.0,91.0,2533.0,7.0,403.0,393.0,2285.0,39.0,11757.0,20.0,7.0,160.0,0.0,4180.0,33.0,212.0,328.0,274.0,178.0,11.0,95.0,26.0,23.0,6.0,1895.0,5.0,10.0,307.0,4.0,0.0,128.0,5.0,1.0,44.0,997.0,237.0,0.0,9.0,41.0,11.0,79.0,26.0
2018,11,False,True,27,Boston College,7,12,9.0,31.0,64.0,331.0,590.0,10.0,23.0,18.0,23.0,4869.0,3.0,16.0,2.0,2292.0,20090.0,300.0,194.0,9.0,186.0,19.0,234.0,25.0,75.0,2577.0,7.0,557.0,337.0,2454.0,46.0,13092.0,25.0,8.0,189.0,0.0,4841.0,36.0,213.0,344.0,294.0,192.0,13.0,103.0,31.0,27.0,7.0,2387.0,6.0,10.0,344.0,4.0,1.0,180.0,7.0,0.0,47.0,1114.0,289.0,0.0,11.0,81.0,33.0,87.0,31.0
2018,12,True,True,35,Duke,6,13,10.0,28.0,87.0,76.0,452.0,10.0,19.0,4.0,28.0,5274.0,0.0,12.0,1.0,2075.0,21612.0,160.0,278.0,10.0,205.0,20.0,267.0,31.0,54.0,3199.0,9.0,480.0,476.0,2749.0,51.0,15215.0,26.0,8.0,208.0,1.0,5265.0,38.0,275.0,359.0,335.0,221.0,15.0,118.0,32.0,32.0,8.0,2516.0,7.0,12.0,374.0,5.0,1.0,180.0,7.0,0.0,36.0,734.0,327.0,0.0,13.0,78.0,24.0,97.0,35.0
2018,13,True,True,56,South Carolina,35,13,11.0,26.0,70.0,54.0,694.0,7.0,15.0,6.0,12.0,5550.0,0.0,11.0,1.0,2003.0,19509.0,95.0,272.0,14.0,168.0,21.0,281.0,32.0,82.0,3547.0,10.0,443.0,443.0,3000.0,55.0,16875.0,28.0,8.0,234.0,1.0,5724.0,45.0,292.0,413.0,374.0,242.0,15.0,132.0,35.0,36.0,8.0,2724.0,7.0,13.0,410.0,6.0,1.0,180.0,7.0,1.0,38.0,813.0,389.0,0.0,16.0,72.0,23.0,106.0,39.0
2018,14,False,True,42,Pittsburgh,10,14,12.0,20.0,67.0,123.0,940.0,10.0,30.0,8.0,21.0,5194.0,1.0,9.0,0.0,3209.0,28087.0,158.0,182.0,6.0,184.0,16.0,241.0,12.0,101.0,1985.0,9.0,570.0,315.0,3393.0,63.0,18966.0,29.0,8.0,272.0,1.0,6468.0,53.0,292.0,492.0,411.0,269.0,16.0,145.0,42.0,36.0,8.0,3075.0,8.0,15.0,465.0,8.0,1.0,183.0,8.0,2.0,26.0,634.0,441.0,0.0,19.0,77.0,28.0,110.0,42.0
2019,2,True,True,24,Texas A&M,10,13,1.0,11.0,64.0,87.0,719.0,10.0,24.0,10.0,26.0,5129.0,0.0,7.0,0.0,2069.0,25827.0,330.0,273.0,10.0,160.0,20.0,287.0,22.0,87.0,3060.0,8.0,429.0,452.0,221.0,6.0,1993.0,2.0,4.0,29.0,0.0,632.0,6.0,8.0,43.0,30.0,18.0,3.0,12.0,5.0,1.0,2.0,411.0,1.0,2.0,49.0,1.0,0.0,19.0,2.0,0.0,26.0,431.0,58.0,0.0,3.0,98.0,36.0,8.0,8.0
2019,3,False,True,41,Syracuse,6,12,2.0,28.0,78.0,163.0,887.0,9.0,16.0,13.0,16.0,4735.0,0.0,11.0,1.0,1848.0,21110.0,137.0,250.0,7.0,206.0,16.0,239.0,23.0,107.0,2887.0,19.0,501.0,408.0,489.0,9.0,3637.0,3.0,5.0,55.0,0.0,1021.0,10.0,16.0,73.0,65.0,42.0,4.0,21.0,7.0,3.0,3.0,532.0,1.0,2.0,82.0,1.0,0.0,19.0,3.0,0.0,35.0,649.0,76.0,0.0,4.0,84.0,32.0,11.0,10.0
2019,4,True,True,52,Charlotte,10,13,3.0,23.0,64.0,101.0,594.0,5.0,26.0,9.0,19.0,5354.0,1.0,13.0,1.0,2605.0,24958.0,127.0,195.0,14.0,157.0,19.0,270.0,24.0,68.0,2749.0,8.0,527.0,321.0,880.0,14.0,5357.0,6.0,5.0,79.0,0.0,1633.0,17.0,19.0,143.0,107.0,65.0,6.0,35.0,9.0,5.0,5.0,753.0,1.0,2.0,111.0,1.0,0.0,19.0,4.0,0.0,30.0,380.0,101.0,0.0,5.0,107.0,50.0,41.0,26.0
2019,5,False,True,21,North Carolina,20,13,4.0,23.0,79.0,58.0,701.0,5.0,13.0,14.0,13.0,6162.0,0.0,15.0,1.0,2446.0,23655.0,81.0,265.0,7.0,191.0,12.0,315.0,39.0,80.0,3716.0,12.0,528.0,431.0,1111.0,19.0,6890.0,9.0,5.0,106.0,0.0,2099.0,22.0,52.0,185.0,132.0,82.0,8.0,44.0,12.0,8.0,6.0,988.0,2.0,3.0,150.0,2.0,1.0,85.0,5.0,0.0,24.0,518.0,102.0,0.0,6.0,105.0,38.0,48.0,30.0
2019,7,True,True,45,Florida State,14,13,5.0,19.0,68.0,94.0,953.0,8.0,24.0,8.0,21.0,5308.0,0.0,11.0,1.0,1829.0,20480.0,132.0,279.0,13.0,192.0,21.0,265.0,24.0,119.0,3479.0,17.0,477.0,432.0,1317.0,27.0,8581.0,10.0,5.0,120.0,0.0,2430.0,28.0,52.0,215.0,162.0,100.0,9.0,59.0,14.0,8.0,6.0,1113.0,3.0,4.0,181.0,2.0,1.0,85.0,5.0,0.0,21.0,483.0,169.0,0.0,8.0,84.0,41.0,57.0,36.0
2019,8,False,True,45,Louisville,10,13,6.0,22.0,76.0,38.0,780.0,10.0,23.0,7.0,16.0,5816.0,0.0,13.0,0.0,2768.0,24347.0,187.0,178.0,9.0,174.0,19.0,263.0,32.0,93.0,3048.0,15.0,567.0,302.0,1549.0,32.0,10958.0,13.0,7.0,151.0,0.0,2982.0,34.0,52.0,280.0,200.0,124.0,11.0,75.0,16.0,8.0,7.0,1433.0,4.0,7.0,234.0,3.0,2.0,133.0,8.0,1.0,35.0,904.0,169.0,0.0,8.0,103.0,38.0,67.0,39.0
2019,9,True,True,59,Boston College,7,13,7.0,24.0,89.0,61.0,516.0,6.0,27.0,10.0,19.0,5579.0,0.0,13.0,1.0,3291.0,21691.0,159.0,161.0,6.0,207.0,12.0,277.0,20.0,67.0,2288.0,6.0,659.0,305.0,1802.0,37.0,12764.0,16.0,9.0,174.0,0.0,3533.0,40.0,62.0,327.0,233.0,146.0,13.0,86.0,19.0,12.0,9.0,1731.0,4.0,7.0,271.0,3.0,2.0,161.0,10.0,0.0,48.0,978.0,230.0,0.0,10.0,124.0,22.0,78.0,51.0
2019,11,False,True,55,NC State,10,12,9.0,29.0,64.0,27.0,627.0,11.0,14.0,4.0,15.0,4563.0,1.0,14.0,0.0,1814.0,21154.0,203.0,244.0,10.0,182.0,21.0,259.0,14.0,71.0,2749.0,4.0,418.0,463.0,2457.0,48.0,16313.0,23.0,12.0,238.0,0.0,4909.0,49.0,100.0,396.0,296.0,190.0,13.0,107.0,27.0,20.0,9.0,2452.0,4.0,7.0,352.0,3.0,2.0,178.0,11.0,0.0,23.0,412.0,321.0,0.0,15.0,102.0,42.0,96.0,55.0
2019,12,True,True,52,Wake Forest,3,13,10.0,17.0,108.0,10.0,460.0,4.0,18.0,14.0,28.0,6030.0,0.0,7.0,0.0,2282.0,23609.0,211.0,282.0,13.0,230.0,17.0,307.0,31.0,57.0,3748.0,14.0,586.0,469.0,2760.0,52.0,18458.0,26.0,16.0,265.0,0.0,5458.0,59.0,108.0,468.0,332.0,215.0,13.0,119.0,32.0,22.0,9.0,2698.0,4.0,10.0,393.0,6.0,2.0,178.0,11.0,0.0,26.0,424.0,334.0,0.0,16.0,94.0,36.0,104.0,57.0
2019,14,False,True,38,South Carolina,3,12,11.0,27.0,59.0,102.0,656.0,7.0,18.0,12.0,12.0,4463.0,0.0,13.0,1.0,1796.0,19453.0,146.0,268.0,7.0,186.0,14.0,232.0,12.0,79.0,2667.0,8.0,396.0,466.0,3108.0,56.0,20411.0,31.0,16.0,291.0,0.0,5974.0,63.0,169.0,503.0,367.0,241.0,14.0,130.0,34.0,25.0,10.0,2866.0,4.0,11.0,431.0,6.0,2.0,215.0,13.0,0.0,22.0,425.0,385.0,0.0,18.0,95.0,35.0,114.0,59.0
2019,15,True,True,62,Virginia,17,14,12.0,16.0,92.0,279.0,612.0,6.0,28.0,12.0,27.0,5445.0,0.0,9.0,2.0,1697.0,27768.0,158.0,337.0,15.0,203.0,21.0,296.0,23.0,66.0,3748.0,10.0,442.0,520.0,3424.0,68.0,22528.0,34.0,16.0,321.0,0.0,6501.0,68.0,177.0,538.0,410.0,269.0,14.0,147.0,36.0,28.0,10.0,3077.0,4.0,12.0,471.0,6.0,2.0,229.0,14.0,2.0,42.0,1204.0,426.0,0.0,20.0,116.0,60.0,119.0,61.0
2020,2,False,True,37,Wake Forest,13,9,,21.0,56.0,132.0,401.0,2.0,22.0,13.0,10.0,4024.0,0.0,10.0,3.0,1491.0,14795.0,96.0,175.0,5.0,139.0,7.0,212.0,14.0,48.0,2533.0,4.0,378.0,310.0,,,,,,,,,,,,,,,,,,,,,,,,,,,1.0,15.0,352.0,,,,68.0,16.0,,
2020,5,True,True,41,Virginia,23,10,2.0,25.0,53.0,175.0,483.0,5.0,16.0,11.0,14.0,4234.0,0.0,16.0,2.0,1629.0,18644.0,71.0,221.0,14.0,143.0,19.0,236.0,22.0,53.0,2605.0,7.0,366.0,379.0,619.0,16.0,3626.0,4.0,1.0,43.0,0.0,966.0,10.0,89.0,90.0,63.0,45.0,2.0,29.0,6.0,5.0,1.0,347.0,1.0,2.0,79.0,0.0,,,,0.0,23.0,533.0,15.0,0.0,1.0,72.0,32.0,23.0,10.0
2020,6,True,True,42,Miami,17,11,3.0,19.0,65.0,11.0,794.0,6.0,18.0,7.0,15.0,4850.0,0.0,13.0,0.0,1800.0,17950.0,52.0,239.0,6.0,162.0,12.0,250.0,26.0,86.0,3050.0,9.0,419.0,381.0,948.0,24.0,5229.0,7.0,1.0,65.0,0.0,1432.0,18.0,98.0,155.0,102.0,71.0,2.0,44.0,8.0,6.0,1.0,484.0,1.0,2.0,110.0,0.0,0.0,0.0,2.0,0.0,22.0,452.0,67.0,0.0,2.0,93.0,31.0,27.0,13.0
2020,7,False,True,73,Georgia Tech,7,10,4.0,25.0,60.0,77.0,749.0,12.0,18.0,6.0,16.0,3895.0,0.0,9.0,0.0,1904.0,16221.0,65.0,152.0,13.0,146.0,25.0,199.0,14.0,89.0,1991.0,12.0,407.0,283.0,1240.0,32.0,7522.0,10.0,1.0,99.0,0.0,1984.0,25.0,99.0,230.0,146.0,100.0,3.0,61.0,11.0,7.0,1.0,744.0,2.0,3.0,153.0,1.0,0.0,11.0,5.0,0.0,21.0,403.0,67.0,0.0,2.0,62.0,21.0,38.0,18.0
2020,8,True,True,47,Syracuse,21,11,5.0,17.0,40.0,265.0,725.0,9.0,5.0,13.0,14.0,2913.0,0.0,6.0,2.0,1007.0,16182.0,185.0,173.0,12.0,153.0,21.0,145.0,15.0,77.0,1906.0,11.0,318.0,336.0,1740.0,41.0,9675.0,17.0,3.0,128.0,0.0,2655.0,27.0,112.0,250.0,195.0,133.0,5.0,78.0,14.0,8.0,2.0,915.0,3.0,5.0,192.0,3.0,0.0,42.0,6.0,1.0,31.0,725.0,92.0,0.0,4.0,69.0,24.0,50.0,22.0
2020,9,True,True,34,Boston College,28,11,6.0,14.0,65.0,148.0,740.0,6.0,11.0,9.0,12.0,4245.0,0.0,9.0,0.0,1119.0,20116.0,55.0,242.0,8.0,147.0,14.0,239.0,23.0,85.0,3126.0,12.0,361.0,390.0,2048.0,49.0,11546.0,19.0,4.0,155.0,0.0,3110.0,31.0,112.0,275.0,242.0,162.0,6.0,95.0,17.0,8.0,3.0,1062.0,3.0,6.0,229.0,4.0,0.0,108.0,9.0,0.0,23.0,406.0,165.0,0.0,6.0,52.0,24.0,57.0,24.0
2020,10,False,False,40,Notre Dame,47,12,7.0,17.0,81.0,68.0,456.0,8.0,33.0,7.0,14.0,5386.0,2.0,11.0,0.0,2537.0,24357.0,128.0,231.0,3.0,167.0,11.0,290.0,15.0,53.0,2849.0,10.0,506.0,362.0,2390.0,56.0,13368.0,21.0,4.0,181.0,0.0,3558.0,40.0,114.0,357.0,285.0,192.0,7.0,111.0,19.0,11.0,3.0,1168.0,4.0,9.0,260.0,7.0,0.0,108.0,9.0,0.0,23.0,492.0,239.0,0.0,9.0,87.0,29.0,65.0,28.0
2020,13,True,True,52,Pittsburgh,17,11,8.0,18.0,63.0,150.0,753.0,4.0,20.0,14.0,19.0,4200.0,1.0,9.0,1.0,1343.0,20552.0,179.0,246.0,12.0,173.0,16.0,226.0,14.0,86.0,2857.0,5.0,388.0,426.0,2829.0,60.0,15124.0,23.0,5.0,203.0,0.0,4031.0,44.0,114.0,403.0,329.0,221.0,10.0,126.0,21.0,11.0,3.0,1202.0,7.0,11.0,293.0,8.0,0.0,108.0,9.0,0.0,17.0,370.0,320.0,0.0,14.0,110.0,45.0,73.0,30.0
2020,14,False,True,45,Virginia Tech,10,11,9.0,12.0,51.0,140.0,514.0,8.0,27.0,12.0,17.0,4860.0,0.0,7.0,0.0,2648.0,19894.0,66.0,157.0,6.0,133.0,14.0,246.0,13.0,58.0,2212.0,5.0,472.0,253.0,3265.0,67.0,17316.0,26.0,6.0,230.0,0.0,4612.0,52.0,114.0,458.0,381.0,256.0,11.0,144.0,25.0,11.0,3.0,1347.0,8.0,12.0,331.0,9.0,0.0,121.0,13.0,0.0,23.0,546.0,340.0,0.0,15.0,75.0,36.0,81.0,36.0
2020,16,False,True,34,Notre Dame,10,12,10.0,17.0,81.0,68.0,456.0,8.0,33.0,7.0,14.0,5386.0,2.0,11.0,0.0,2537.0,24357.0,128.0,231.0,3.0,167.0,11.0,290.0,15.0,53.0,2849.0,10.0,506.0,362.0,3460.0,70.0,18642.0,27.0,9.0,249.0,0.0,5045.0,56.0,121.0,488.0,403.0,268.0,12.0,153.0,29.0,12.0,4.0,1585.0,8.0,12.0,361.0,9.0,0.0,121.0,13.0,0.0,23.0,492.0,340.0,0.0,15.0,87.0,29.0,93.0,38.0
2021,3,True,True,14,Georgia Tech,8,12,2.0,23.0,58.0,6.0,609.0,5.0,15.0,3.0,17.0,4403.0,0.0,10.0,0.0,2028.0,21029.0,65.0,205.0,10.0,163.0,15.0,226.0,18.0,72.0,2375.0,11.0,444.0,342.0,440.0,13.0,3279.0,2.0,1.0,40.0,0.0,684.0,12.0,51.0,94.0,76.0,42.0,4.0,29.0,5.0,4.0,3.0,244.0,1.0,1.0,59.0,0.0,0.0,40.0,2.0,1.0,37.0,732.0,65.0,0.0,3.0,61.0,20.0,14.0,2.0
2021,4,False,False,21,NC State,27,12,3.0,12.0,68.0,73.0,774.0,5.0,11.0,15.0,21.0,4975.0,1.0,5.0,1.0,1514.0,22511.0,188.0,288.0,6.0,170.0,11.0,256.0,35.0,89.0,3461.0,2.0,372.0,443.0,566.0,22.0,5069.0,2.0,1.0,59.0,0.0,968.0,20.0,61.0,160.0,101.0,60.0,5.0,44.0,7.0,5.0,3.0,402.0,2.0,2.0,100.0,0.0,0.0,40.0,3.0,2.0,21.0,644.0,65.0,0.0,3.0,79.0,34.0,22.0,6.0
2021,5,True,True,19,Boston College,13,12,4.0,21.0,64.0,27.0,596.0,7.0,21.0,10.0,16.0,4204.0,0.0,12.0,1.0,1987.0,21745.0,79.0,169.0,11.0,159.0,18.0,231.0,13.0,65.0,2217.0,7.0,475.0,304.0,677.0,24.0,6161.0,4.0,2.0,69.0,0.0,1182.0,33.0,62.0,254.0,127.0,72.0,6.0,55.0,8.0,7.0,4.0,505.0,2.0,3.0,123.0,0.0,0.0,40.0,3.0,1.0,24.0,596.0,65.0,0.0,3.0,56.0,20.0,28.0,9.0
2021,7,False,True,17,Syracuse,14,12,5.0,17.0,51.0,32.0,692.0,6.0,28.0,4.0,23.0,4398.0,1.0,9.0,0.0,2562.0,21063.0,241.0,156.0,6.0,156.0,12.0,234.0,10.0,84.0,1836.0,3.0,491.0,287.0,884.0,27.0,7942.0,4.0,3.0,87.0,0.0,1620.0,39.0,77.0,314.0,155.0,85.0,6.0,69.0,9.0,8.0,4.0,736.0,2.0,4.0,163.0,0.0,0.0,42.0,5.0,0.0,36.0,752.0,123.0,0.0,6.0,84.0,37.0,37.0,13.0
2021,8,False,False,17,Pittsburgh,27,14,6.0,25.0,90.0,265.0,895.0,7.0,26.0,16.0,30.0,6830.0,0.0,17.0,4.0,2107.0,25980.0,278.0,367.0,8.0,204.0,15.0,362.0,44.0,94.0,4723.0,10.0,525.0,544.0,1082.0,32.0,9921.0,5.0,3.0,107.0,0.0,1934.0,46.0,77.0,374.0,191.0,107.0,6.0,84.0,10.0,11.0,4.0,852.0,2.0,5.0,200.0,1.0,0.0,49.0,6.0,1.0,19.0,445.0,170.0,0.0,8.0,113.0,54.0,43.0,15.0
2021,9,True,True,30,Florida State,20,12,7.0,21.0,52.0,150.0,750.0,9.0,21.0,14.0,17.0,4553.0,0.0,7.0,1.0,2134.0,20403.0,71.0,209.0,12.0,153.0,21.0,247.0,20.0,83.0,2419.0,7.0,446.0,340.0,1233.0,36.0,11354.0,5.0,4.0,126.0,0.0,2249.0,51.0,77.0,420.0,223.0,122.0,8.0,95.0,12.0,11.0,6.0,1016.0,2.0,5.0,230.0,1.0,0.0,49.0,6.0,0.0,27.0,509.0,277.0,0.0,12.0,86.0,33.0,46.0,17.0
2021,10,False,True,30,Louisville,24,13,8.0,27.0,70.0,161.0,714.0,7.0,29.0,10.0,15.0,5802.0,1.0,14.0,1.0,2728.0,23827.0,157.0,221.0,6.0,176.0,13.0,274.0,21.0,80.0,3074.0,7.0,504.0,364.0,1422.0,40.0,13219.0,6.0,7.0,148.0,0.0,2626.0,57.0,94.0,445.0,254.0,141.0,11.0,109.0,14.0,12.0,7.0,1204.0,4.0,5.0,273.0,1.0,0.0,49.0,6.0,1.0,31.0,732.0,319.0,0.0,14.0,80.0,32.0,55.0,22.0
2021,11,True,True,44,UConn,7,12,9.0,29.0,42.0,49.0,585.0,5.0,8.0,10.0,13.0,3181.0,0.0,11.0,1.0,1215.0,18592.0,150.0,208.0,17.0,179.0,22.0,173.0,11.0,80.0,1966.0,6.0,377.0,407.0,1642.0,45.0,14870.0,8.0,7.0,170.0,0.0,2971.0,60.0,94.0,475.0,285.0,159.0,12.0,123.0,15.0,14.0,7.0,1329.0,5.0,6.0,309.0,1.0,0.0,49.0,6.0,2.0,57.0,1125.0,419.0,0.0,17.0,63.0,13.0,64.0,26.0
2021,12,True,True,48,Wake Forest,27,14,10.0,20.0,115.0,177.0,737.0,5.0,31.0,15.0,25.0,6550.0,0.0,12.0,1.0,2247.0,24118.0,286.0,302.0,15.0,231.0,20.0,354.0,39.0,81.0,4303.0,16.0,565.0,519.0,1989.0,50.0,17076.0,10.0,7.0,196.0,0.0,3447.0,65.0,96.0,522.0,342.0,186.0,14.0,145.0,18.0,16.0,8.0,1458.0,6.0,12.0,351.0,6.0,0.0,51.0,8.0,1.0,28.0,567.0,451.0,0.0,18.0,97.0,38.0,73.0,32.0
2021,13,False,True,30,South Carolina,0,13,11.0,28.0,60.0,296.0,597.0,13.0,9.0,15.0,12.0,4388.0,0.0,14.0,3.0,1773.0,23417.0,80.0,211.0,11.0,170.0,24.0,227.0,22.0,76.0,2615.0,13.0,467.0,360.0,2199.0,57.0,19108.0,12.0,9.0,221.0,0.0,3990.0,69.0,96.0,552.0,362.0,198.0,17.0,156.0,22.0,17.0,9.0,1791.0,8.0,13.0,405.0,7.0,0.0,51.0,9.0,0.0,21.0,479.0,496.0,0.0,20.0,63.0,26.0,83.0,39.0
2022,3,True,True,48,Louisiana Tech,20,12,2.0,29.0,65.0,135.0,767.0,6.0,14.0,11.0,21.0,4712.0,0.0,13.0,2.0,1505.0,21663.0,253.0,254.0,19.0,177.0,25.0,233.0,25.0,81.0,3207.0,19.0,400.0,434.0,488.0,12.0,3362.0,4.0,2.0,44.0,0.0,754.0,9.0,52.0,55.0,69.0,45.0,3.0,26.0,6.0,7.0,1.0,266.0,2.0,2.0,68.0,2.0,0.0,0.0,2.0,0.0,36.0,745.0,,,,55.0,16.0,19.0,4.0
2022,4,False,True,51,Wake Forest,45,13,3.0,30.0,86.0,88.0,530.0,6.0,17.0,7.0,18.0,5766.0,0.0,15.0,2.0,1711.0,22196.0,134.0,302.0,13.0,185.0,19.0,328.0,43.0,62.0,4055.0,12.0,502.0,474.0,729.0,19.0,5246.0,6.0,3.0,69.0,0.0,1275.0,15.0,52.0,115.0,104.0,65.0,4.0,41.0,10.0,9.0,1.0,546.0,3.0,3.0,107.0,3.0,0.0,13.0,5.0,0.0,17.0,339.0,22.0,0.0,1.0,77.0,28.0,26.0,5.0
2022,5,True,True,30,NC State,20,13,4.0,20.0,71.0,172.0,752.0,8.0,8.0,19.0,21.0,4418.0,1.0,8.0,1.0,1479.0,24481.0,160.0,269.0,8.0,196.0,16.0,265.0,23.0,95.0,2939.0,3.0,442.0,471.0,1100.0,35.0,7500.0,11.0,3.0,94.0,0.0,1834.0,25.0,52.0,235.0,145.0,91.0,4.0,64.0,11.0,10.0,1.0,734.0,3.0,3.0,153.0,3.0,0.0,13.0,5.0,0.0,19.0,438.0,88.0,0.0,5.0,85.0,28.0,32.0,8.0
2022,6,False,True,31,Boston College,3,12,5.0,18.0,57.0,87.0,582.0,12.0,6.0,7.0,14.0,3733.0,0.0,8.0,0.0,768.0,21062.0,85.0,262.0,14.0,174.0,26.0,201.0,21.0,72.0,2965.0,9.0,363.0,440.0,1309.0,41.0,9500.0,12.0,4.0,114.0,0.0,2188.0,34.0,67.0,330.0,175.0,112.0,4.0,78.0,13.0,12.0,1.0,879.0,3.0,3.0,191.0,3.0,0.0,17.0,6.0,0.0,30.0,623.0,110.0,0.0,6.0,82.0,26.0,37.0,11.0
2022,7,False,True,34,Florida State,28,13,6.0,23.0,86.0,10.0,753.0,7.0,33.0,8.0,23.0,6295.0,0.0,8.0,0.0,2783.0,24198.0,237.0,249.0,7.0,168.0,14.0,315.0,28.0,86.0,3512.0,10.0,509.0,395.0,1529.0,46.0,11185.0,15.0,6.0,132.0,0.0,2552.0,36.0,73.0,340.0,206.0,130.0,5.0,92.0,14.0,16.0,2.0,1023.0,3.0,3.0,223.0,3.0,0.0,17.0,6.0,1.0,17.0,389.0,110.0,0.0,7.0,78.0,38.0,48.0,15.0
2022,8,True,True,27,Syracuse,21,13,7.0,12.0,56.0,86.0,823.0,4.0,21.0,10.0,25.0,4871.0,0.0,5.0,2.0,1860.0,22022.0,195.0,228.0,9.0,151.0,13.0,263.0,19.0,112.0,3011.0,12.0,443.0,370.0,1732.0,55.0,13059.0,18.0,7.0,150.0,0.0,2922.0,44.0,73.0,412.0,229.0,145.0,5.0,109.0,15.0,16.0,2.0,1190.0,3.0,4.0,267.0,4.0,0.0,17.0,6.0,0.0,20.0,502.0,179.0,0.0,8.0,76.0,33.0,57.0,17.0
2022,10,False,False,14,Notre Dame,35,13,8.0,16.0,83.0,132.0,550.0,7.0,25.0,10.0,29.0,5151.0,1.0,7.0,2.0,2458.0,25092.0,286.0,211.0,11.0,176.0,18.0,281.0,25.0,60.0,2693.0,8.0,531.0,338.0,1889.0,60.0,15093.0,18.0,7.0,177.0,0.0,3372.0,50.0,97.0,462.0,254.0,160.0,9.0,124.0,18.0,19.0,4.0,1483.0,5.0,7.0,327.0,6.0,0.0,17.0,7.0,0.0,18.0,347.0,232.0,0.0,10.0,78.0,37.0,66.0,22.0
2022,11,True,True,31,Louisville,16,13,9.0,30.0,67.0,214.0,858.0,11.0,25.0,15.0,28.0,5285.0,0.0,12.0,2.0,2613.0,23328.0,141.0,218.0,12.0,177.0,23.0,264.0,13.0,90.0,2672.0,19.0,519.0,368.0,2080.0,64.0,16713.0,19.0,7.0,198.0,0.0,3653.0,57.0,97.0,517.0,294.0,187.0,11.0,135.0,19.0,19.0,6.0,1573.0,5.0,8.0,352.0,6.0,0.0,17.0,7.0,1.0,17.0,371.0,253.0,0.0,12.0,93.0,48.0,70.0,23.0
2022,12,True,True,40,Miami,10,12,10.0,22.0,67.0,136.0,715.0,13.0,12.0,13.0,13.0,4416.0,0.0,9.0,2.0,1537.0,22111.0,125.0,256.0,12.0,166.0,25.0,254.0,18.0,84.0,2879.0,12.0,414.0,413.0,2271.0,68.0,18624.0,20.0,8.0,224.0,0.0,4092.0,61.0,120.0,542.0,322.0,207.0,14.0,148.0,22.0,21.0,6.0,1821.0,8.0,8.0,397.0,6.0,0.0,18.0,8.0,1.0,35.0,930.0,253.0,0.0,12.0,83.0,37.0,79.0,27.0
2022,13,True,False,30,South Carolina,31,13,11.0,21.0,62.0,299.0,814.0,13.0,27.0,15.0,19.0,4934.0,2.0,13.0,2.0,1555.0,22366.0,278.0,281.0,14.0,159.0,27.0,246.0,23.0,88.0,3379.0,11.0,410.0,419.0,2511.0,82.0,20919.0,22.0,9.0,251.0,0.0,4539.0,63.0,156.0,561.0,358.0,231.0,17.0,167.0,25.0,25.0,7.0,2028.0,10.0,8.0,445.0,6.0,0.0,20.0,9.0,1.0,23.0,578.0,277.0,0.0,14.0,56.0,20.0,86.0,32.0
2022,14,False,True,39,North Carolina,10,14,12.0,35.0,93.0,107.0,774.0,7.0,24.0,9.0,16.0,6478.0,0.0,25.0,0.0,2148.0,25136.0,213.0,344.0,7.0,201.0,14.0,344.0,38.0,86.0,4330.0,6.0,509.0,525.0,2610.0,89.0,22532.0,23.0,9.0,268.0,0.0,4875.0,66.0,192.0,584.0,387.0,239.0,20.0,183.0,27.0,28.0,8.0,2265.0,12.0,8.0,482.0,6.0,1.0,55.0,11.0,1.0,23.0,523.0,304.0,0.0,16.0,48.0,17.0,97.0,35.0
2023,3,True,True,48,Florida Atlantic,14,12,2.0,34.0,57.0,99.0,400.0,2.0,16.0,10.0,15.0,3969.0,1.0,13.0,2.0,1383.0,19734.0,282.0,265.0,15.0,168.0,17.0,215.0,19.0,41.0,2586.0,8.0,369.0,412.0,614.0,13.0,4134.0,6.0,2.0,65.0,0.0,1101.0,5.0,32.0,35.0,88.0,63.0,5.0,27.0,3.0,4.0,2.0,487.0,3.0,5.0,82.0,2.0,1.0,35.0,1.0,0.0,27.0,449.0,39.0,0.0,3.0,83.0,28.0,10.0,2.0
2023,4,True,False,24,Florida State,31,14,3.0,21.0,66.0,53.0,792.0,5.0,32.0,10.0,26.0,5610.0,0.0,10.0,1.0,2102.0,24689.0,298.0,260.0,4.0,182.0,9.0,274.0,25.0,85.0,3508.0,7.0,463.0,433.0,818.0,19.0,5687.0,9.0,3.0,85.0,0.0,1468.0,10.0,90.0,90.0,121.0,83.0,6.0,39.0,6.0,7.0,2.0,650.0,4.0,6.0,115.0,2.0,2.0,140.0,4.0,1.0,17.0,407.0,89.0,0.0,5.0,98.0,46.0,20.0,4.0
2023,5,False,True,31,Syracuse,14,13,4.0,20.0,70.0,215.0,801.0,9.0,20.0,9.0,27.0,4467.0,0.0,10.0,3.0,2230.0,22057.0,272.0,191.0,15.0,179.0,24.0,232.0,17.0,95.0,2237.0,13.0,530.0,315.0,1101.0,25.0,7763.0,10.0,3.0,110.0,0.0,1897.0,16.0,111.0,140.0,159.0,108.0,7.0,53.0,8.0,9.0,2.0,796.0,5.0,8.0,156.0,3.0,2.0,140.0,4.0,0.0,21.0,381.0,135.0,0.0,7.0,78.0,29.0,25.0,6.0
2023,6,True,True,17,Wake Forest,12,12,5.0,19.0,55.0,141.0,466.0,10.0,13.0,8.0,16.0,3917.0,0.0,8.0,0.0,1565.0,20950.0,148.0,192.0,12.0,161.0,22.0,239.0,14.0,49.0,2352.0,8.0,468.0,321.0,1364.0,32.0,9764.0,12.0,5.0,131.0,0.0,2286.0,22.0,111.0,194.0,196.0,131.0,8.0,69.0,10.0,9.0,2.0,922.0,6.0,9.0,191.0,3.0,2.0,140.0,5.0,1.0,23.0,528.0,135.0,0.0,7.0,69.0,23.0,31.0,11.0
2023,8,False,False,20,Miami,28,13,6.0,21.0,67.0,118.0,751.0,8.0,24.0,12.0,12.0,5605.0,0.0,11.0,1.0,2251.0,24860.0,79.0,283.0,14.0,164.0,22.0,285.0,23.0,79.0,3354.0,6.0,440.0,436.0,1495.0,38.0,11645.0,12.0,6.0,150.0,0.0,2624.0,28.0,111.0,263.0,224.0,149.0,10.0,84.0,12.0,11.0,2.0,1129.0,8.0,11.0,233.0,5.0,2.0,140.0,5.0,1.0,33.0,791.0,135.0,0.0,7.0,83.0,34.0,39.0,15.0
2023,9,False,False,17,NC State,24,13,7.0,15.0,75.0,178.0,602.0,3.0,19.0,17.0,17.0,4555.0,0.0,9.0,2.0,2036.0,25313.0,171.0,224.0,12.0,188.0,15.0,241.0,19.0,75.0,2519.0,8.0,478.0,379.0,1809.0,42.0,12995.0,14.0,6.0,169.0,0.0,2969.0,35.0,111.0,301.0,258.0,167.0,13.0,98.0,12.0,11.0,3.0,1160.0,10.0,12.0,267.0,5.0,2.0,140.0,6.0,1.0,24.0,537.0,160.0,0.0,8.0,76.0,33.0,48.0,15.0
2023,10,True,True,31,Notre Dame,23,13,8.0,17.0,66.0,252.0,623.0,8.0,28.0,16.0,15.0,5619.0,1.0,10.0,2.0,2414.0,24019.0,168.0,227.0,9.0,146.0,17.0,273.0,31.0,69.0,3205.0,8.0,457.0,351.0,2072.0,49.0,15016.0,14.0,6.0,189.0,0.0,3333.0,39.0,112.0,346.0,309.0,200.0,15.0,116.0,14.0,12.0,5.0,1261.0,10.0,14.0,297.0,6.0,2.0,140.0,6.0,1.0,22.0,575.0,160.0,0.0,8.0,71.0,29.0,56.0,18.0
2023,11,True,True,42,Georgia Tech,21,13,9.0,23.0,72.0,167.0,582.0,4.0,24.0,15.0,12.0,5520.0,0.0,12.0,0.0,2649.0,22348.0,121.0,231.0,17.0,167.0,21.0,289.0,27.0,67.0,2871.0,10.0,492.0,379.0,2181.0,54.0,16924.0,15.0,7.0,208.0,0.0,3618.0,39.0,169.0,346.0,335.0,213.0,17.0,131.0,16.0,18.0,6.0,1437.0,11.0,15.0,340.0,6.0,3.0,183.0,8.0,0.0,24.0,510.0,175.0,0.0,9.0,57.0,22.0,62.0,20.0
2023,12,True,True,31,North Carolina,20,13,10.0,20.0,92.0,64.0,862.0,6.0,28.0,12.0,9.0,6386.0,1.0,9.0,0.0,2505.0,22320.0,114.0,292.0,11.0,189.0,17.0,319.0,26.0,93.0,3881.0,10.0,498.0,460.0,2386.0,61.0,19136.0,19.0,7.0,232.0,0.0,4083.0,45.0,176.0,415.0,372.0,236.0,18.0,147.0,17.0,20.0,7.0,1697.0,11.0,21.0,384.0,10.0,4.0,233.0,12.0,0.0,14.0,257.0,175.0,0.0,9.0,73.0,28.0,73.0,24.0
2023,13,False,True,16,South Carolina,7,12,11.0,24.0,54.0,129.0,661.0,5.0,17.0,10.0,15.0,4357.0,1.0,9.0,1.0,1021.0,20375.0,112.0,283.0,8.0,161.0,13.0,217.0,21.0,85.0,3336.0,7.0,369.0,412.0,2605.0,67.0,21427.0,20.0,8.0,257.0,0.0,4549.0,52.0,178.0,473.0,406.0,257.0,20.0,166.0,20.0,21.0,7.0,1944.0,13.0,25.0,439.0,12.0,4.0,239.0,13.0,0.0,20.0,352.0,175.0,0.0,9.0,55.0,22.0,78.0,28.0
2024,2,True,True,66,App State,20,12,1.0,22.0,62.0,21.0,627.0,6.0,13.0,4.0,6.0,4733.0,1.0,13.0,0.0,1731.0,19872.0,99.0,218.0,16.0,145.0,22.0,263.0,23.0,66.0,3002.0,9.0,384.0,392.0,142.0,4.0,1638.0,0.0,0.0,13.0,,189.0,3.0,,15.0,29.0,18.0,1.0,13.0,0.0,,1.0,47.0,0.0,1.0,22.0,0.0,,,,0.0,25.0,500.0,19.0,0.0,1.0,47.0,23.0,5.0,1.0
2024,4,True,True,59,NC State,35,13,2.0,16.0,53.0,166.0,585.0,10.0,21.0,8.0,10.0,4487.0,0.0,9.0,2.0,1694.0,22758.0,82.0,236.0,12.0,143.0,22.0,242.0,18.0,62.0,2793.0,10.0,385.0,365.0,602.0,10.0,3536.0,5.0,1.0,41.0,0.0,901.0,11.0,44.0,100.0,68.0,50.0,2.0,25.0,4.0,6.0,1.0,299.0,1.0,4.0,56.0,1.0,0.0,0.0,2.0,0.0,17.0,478.0,54.0,0.0,3.0,81.0,23.0,10.0,2.0
2024,5,True,True,40,Stanford,14,12,3.0,41.0,56.0,168.0,588.0,5.0,11.0,9.0,15.0,3901.0,1.0,23.0,1.0,1606.0,22812.0,166.0,224.0,17.0,162.0,22.0,222.0,18.0,65.0,2295.0,7.0,435.0,370.0,856.0,13.0,5145.0,8.0,3.0,65.0,0.0,1424.0,17.0,65.0,175.0,102.0,71.0,2.0,35.0,8.0,7.0,1.0,568.0,1.0,4.0,89.0,1.0,1.0,53.0,3.0,0.0,15.0,245.0,54.0,0.0,3.0,63.0,25.0,18.0,4.0
2024,6,False,True,29,Florida State,13,12,4.0,32.0,46.0,69.0,575.0,9.0,8.0,4.0,14.0,3253.0,0.0,20.0,0.0,1089.0,19572.0,33.0,179.0,13.0,160.0,22.0,182.0,11.0,67.0,2164.0,2.0,377.0,355.0,1111.0,18.0,6718.0,12.0,3.0,83.0,0.0,1829.0,20.0,77.0,210.0,133.0,86.0,3.0,47.0,9.0,8.0,2.0,718.0,1.0,4.0,119.0,1.0,1.0,53.0,6.0,1.0,25.0,541.0,120.0,0.0,6.0,69.0,24.0,28.0,8.0
2024,7,False,True,49,Wake Forest,14,12,5.0,25.0,67.0,70.0,551.0,8.0,18.0,11.0,15.0,4458.0,1.0,16.0,0.0,1577.0,20774.0,247.0,248.0,13.0,171.0,21.0,261.0,17.0,61.0,2881.0,6.0,437.0,403.0,1346.0,24.0,8591.0,14.0,3.0,111.0,0.0,2329.0,23.0,114.0,240.0,167.0,105.0,3.0,62.0,9.0,10.0,2.0,983.0,1.0,4.0,159.0,1.0,1.0,62.0,7.0,1.0,18.0,377.0,120.0,0.0,6.0,59.0,20.0,34.0,10.0
2024,8,True,True,48,Virginia,31,12,6.0,29.0,62.0,80.0,544.0,5.0,14.0,9.0,19.0,4342.0,0.0,15.0,0.0,1594.0,21526.0,120.0,246.0,14.0,182.0,19.0,232.0,16.0,62.0,2748.0,6.0,431.0,401.0,1689.0,31.0,10780.0,18.0,3.0,148.0,0.0,2900.0,28.0,114.0,282.0,210.0,138.0,3.0,73.0,12.0,10.0,2.0,1211.0,1.0,5.0,199.0,2.0,1.0,74.0,9.0,0.0,19.0,324.0,120.0,0.0,6.0,57.0,21.0,41.0,13.0
2024,10,True,False,21,Louisville,33,13,7.0,20.0,56.0,62.0,599.0,4.0,27.0,9.0,29.0,5514.0,0.0,8.0,0.0,2245.0,21567.0,162.0,255.0,6.0,141.0,10.0,261.0,23.0,77.0,3269.0,7.0,389.0,402.0,2034.0,40.0,12823.0,21.0,4.0,176.0,0.0,3440.0,38.0,116.0,379.0,247.0,163.0,4.0,88.0,15.0,12.0,3.0,1406.0,1.0,7.0,236.0,4.0,1.0,74.0,9.0,1.0,30.0,616.0,142.0,0.0,8.0,76.0,29.0,47.0,17.0
2024,11,False,True,24,Virginia Tech,14,13,8.0,19.0,62.0,189.0,602.0,8.0,27.0,14.0,27.0,4564.0,1.0,8.0,0.0,2251.0,21306.0,291.0,190.0,8.0,168.0,16.0,233.0,15.0,71.0,2313.0,9.0,457.0,321.0,2262.0,51.0,15095.0,22.0,4.0,207.0,0.0,3890.0,43.0,116.0,418.0,303.0,196.0,4.0,111.0,17.0,12.0,3.0,1628.0,1.0,13.0,281.0,9.0,1.0,74.0,9.0,0.0,19.0,386.0,174.0,0.0,10.0,77.0,35.0,50.0,17.0
2024,12,False,True,24,Pittsburgh,20,13,9.0,21.0,59.0,165.0,757.0,4.0,14.0,12.0,26.0,4872.0,2.0,11.0,4.0,1542.0,18744.0,257.0,284.0,13.0,157.0,17.0,269.0,27.0,83.0,3330.0,4.0,355.0,467.0,2473.0,60.0,17304.0,25.0,5.0,227.0,0.0,4268.0,50.0,123.0,482.0,337.0,212.0,5.0,130.0,17.0,13.0,4.0,1795.0,1.0,14.0,327.0,9.0,1.0,74.0,11.0,0.0,31.0,628.0,174.0,0.0,10.0,99.0,39.0,55.0,18.0
2024,14,True,False,14,South Carolina,17,13,11.0,22.0,68.0,159.0,699.0,13.0,25.0,13.0,19.0,4914.0,0.0,11.0,2.0,2277.0,22420.0,125.0,201.0,7.0,163.0,20.0,260.0,20.0,81.0,2637.0,9.0,514.0,307.0,3021.0,70.0,20316.0,30.0,7.0,275.0,0.0,5176.0,61.0,139.0,587.0,409.0,257.0,7.0,154.0,21.0,16.0,5.0,2155.0,2.0,17.0,382.0,11.0,2.0,131.0,13.0,0.0,16.0,283.0,225.0,0.0,12.0,84.0,40.0,75.0,28.0
2024,15,False,True,34,SMU,31,14,12.0,17.0,78.0,307.0,1027.0,12.0,29.0,15.0,25.0,5793.0,1.0,9.0,2.0,2307.0,22181.0,225.0,259.0,9.0,169.0,21.0,296.0,27.0,107.0,3486.0,6.0,500.0,400.0,3301.0,77.0,22079.0,30.0,9.0,297.0,0.0,5595.0,64.0,140.0,602.0,445.0,281.0,9.0,169.0,23.0,17.0,6.0,2294.0,3.0,18.0,414.0,11.0,2.0,131.0,14.0,0.0,20.0,400.0,225.0,0.0,12.0,90.0,40.0,81.0,31.0
