season,week,home,win,clemson_points,opp,opp_points,opp_conference,opp_def_explosiveness,opp_def_fp_avg_pred_points,opp_def_fp_avg_start,opp_def_havoc_db,opp_def_havoc_7,opp_def_havoc_total,opp_def_line_yards,opp_def_open_field_yards,opp_def_pp_explosiveness,opp_def_pp_ppa,opp_def_pp_rate,opp_def_pp_success_rate,opp_def_points_per_opportunity,opp_def_power_success,opp_def_ppa,opp_def_rp_explosiveness,opp_def_rp_ppa,opp_def_rp_rate,opp_def_rp_success_rate,opp_def_second_level_yards,opp_def_stuff_rate,opp_def_success_rate,opp_def_total_ppa,opp_off_explosiveness,opp_off_fp_avg_pred_points,opp_off_fp_avg_start,opp_off_havoc_db,opp_off_havoc_7,opp_off_havoc_total,opp_off_line_yards,opp_off_open_field_yards,opp_off_pp_explosiveness,opp_off_pp_ppa,opp_off_pp_rate,opp_off_pp_success_rate,opp_off_points_per_opportunity,opp_off_power_success,opp_off_ppa,opp_off_rp_explosiveness,opp_off_rp_ppa,opp_off_rp_rate,opp_off_rp_success_rate,opp_off_second_level_yards,opp_off_stuff_rate,opp_off_success_rate,opp_off_total_ppa
2021,1,True,False,3,Georgia,10,SEC,1.2208001771931154,-1.062,74.5,0.08074534161490683,0.12111801242236025,0.20186335403726707,2.671186440677966,0.45036319612590797,1.535734625499417,-0.0625787460824736,0.5714285714285714,0.3079710144927536,1.8666666666666667,0.6346153846153846,-0.04609473514128868,0.8464025813045049,-0.019311685619440303,0.427536231884058,0.34624697336561744,0.8523002421307506,0.2106537530266344,0.32401656314699795,-44.52751414648487,1.2395793669958146,1.473,69.2,0.05036726128016789,0.06820566631689402,0.11857292759706191,3.3839924670433144,1.4274952919020716,1.7158134814978268,0.42215108690817893,0.4428121720881427,0.4881516587677725,4.69,0.7534246575342466,0.29549527706583495,0.8707664813288428,0.19483849410261617,0.5571878279118573,0.5009416195856874,1.3145009416195856,0.15065913370998116,0.49527806925498424,281.6069990437407
2021,3,True,True,14,Georgia Tech,8,ACC,1.2695595795116394,-1.314,71.2,0.03427172582619339,0.09547123623011015,0.12974296205630356,3.279049676025918,1.2591792656587473,1.8036856604902622,0.5662285511767196,0.42962056303549573,0.4843304843304843,4.171052631578948,0.6779661016949152,0.2837337858012648,0.8412509296702908,0.08534000885463665,0.5667074663402693,0.45788336933045354,1.0950323974082072,0.14038876889848811,0.4675642594859241,231.81050299963334,1.268496671934691,1.327,70.8,0.05491698595146871,0.1123882503192848,0.1673052362707535,3.204126213592233,1.895631067961165,1.4946045299458355,0.11978521183093647,0.46871008939974457,0.3869209809264305,3.0285714285714285,0.75,0.11627264103557085,1.080734591013156,0.1307475258711154,0.5261813537675607,0.41504854368932037,1.1941747572815533,0.15776699029126215,0.3997445721583653,91.04147793085198
2021,4,False,False,21,NC State,27,ACC,1.3632980577954683,-1.048,75.3,0.07701863354037267,0.1124223602484472,0.18944099378881987,2.8215686274509806,1.3277310924369747,1.66548075524944,0.14259892430735735,0.5440993788819876,0.3356164383561644,3.6,0.5,0.07549528105401462,1.0050653438782602,0.04870012174613411,0.4434782608695652,0.3473389355742297,0.9635854341736695,0.22128851540616246,0.33664596273291925,60.77370124848178,1.3594211572693036,1.459,69.8,0.06288532675709001,0.08138101109741061,0.1442663378545006,3.303478260869565,1.3217391304347825,1.697095062906904,0.35132816158966157,0.5696670776818742,0.4155844155844156,4.197183098591549,0.8,0.23495313491464054,0.9122943304939981,0.10641934522227435,0.4254007398273736,0.42028985507246375,1.115942028985507,0.11884057971014493,0.4155363748458693,190.54699241577347
2021,5,True,True,19,Boston College,13,ACC,1.1754370725076901,-1.272,72.2,0.05630026809651475,0.0918230563002681,0.14812332439678283,3.1348448687350836,1.3484486873508352,1.644165392518688,0.18306798900535579,0.4383378016085791,0.37920489296636084,3.1875,0.7096774193548387,0.13495537342167022,0.8646225715378304,0.09740686436232608,0.561662198391421,0.44630071599045346,1.0763723150357996,0.16945107398568018,0.4168900804289544,100.67670857256597,1.2533320133639898,1.232,72.6,0.05966277561608301,0.11932555123216602,0.17898832684824903,2.7480984340044743,1.1901565995525727,1.7866591873291935,0.2747921431489409,0.4176394293125811,0.3695652173913043,3.59375,0.6271186440677966,0.1653842974460741,0.9344077234048983,0.0955181258715332,0.5797665369649806,0.4451901565995526,1.0111856823266219,0.22595078299776286,0.41245136186770426,127.51129333092314
2021,7,False,True,17,Syracuse,14,ACC,1.1674314141001767,-1.525,68.4,0.04258064516129032,0.12903225806451613,0.17161290322580644,2.9585,0.985,1.4999723534924774,0.2535184701748592,0.4774193548387097,0.4081081081081081,4.0,0.7627118644067796,0.15377805230785757,0.8771789178675905,0.09320834411849827,0.5161290322580645,0.4325,0.9425,0.1525,0.4180645161290323,119.17799053858963,1.2651296582106542,1.193,73.1,0.05548216644649934,0.11624834874504623,0.17173051519154559,3.219955654101996,2.0864745011086474,1.5498663075736308,0.1575861376271187,0.40158520475561427,0.35526315789473684,3.6666666666666665,0.72,0.2162303648804091,1.1207561458575954,0.26140646881356483,0.5957727873183619,0.4722838137472284,1.4035476718403548,0.18625277161862527,0.4240422721268164,163.68638621446968
2021,8,False,False,17,Pittsburgh,27,ACC,1.2288552372220938,-1.157,73.3,0.06236559139784946,0.13548387096774195,0.1978494623655914,2.568079800498753,0.912718204488778,1.5054486472732558,0.15278942820169167,0.5666666666666667,0.4079696394686907,3.7222222222222223,0.55,0.062061386881641194,0.8270472428910137,-0.05216811374209475,0.4311827956989247,0.3690773067331671,0.8553615960099751,0.19201995012468828,0.3903225806451613,57.717089799926306,1.2626916403969544,1.433,69.9,0.05330700888450148,0.09180651530108588,0.14511352418558737,3.129637526652452,0.9381663113006397,1.5942529625301112,0.41319652166524373,0.5340572556762093,0.4824399260628466,4.585858585858586,0.75,0.29447264182846833,0.8728830589701349,0.1747048252145762,0.4629812438302073,0.47334754797441364,1.138592750533049,0.17484008528784648,0.4768015794669299,298.3007861722384
2021,9,True,True,30,Florida State,20,ACC,1.3570009866550845,-1.565,68.5,0.06728538283062645,0.1148491879350348,0.18213457076566125,2.941590909090909,0.8431818181818181,1.7911869866075234,0.30321830139600436,0.4791183294663573,0.39951573849878935,3.352112676056338,0.7115384615384616,0.13740134875791404,0.9330915784174962,0.03467037119701986,0.5104408352668214,0.3840909090909091,0.9863636363636363,0.175,0.3874709976798144,118.43996262932191,1.3514418408834852,1.12,74.4,0.05121638924455826,0.12804097311139565,0.1792573623559539,3.309046454767726,1.9095354523227384,1.6287893653175824,0.26152240375063524,0.4686299615877081,0.39344262295081966,4.387096774193548,0.625,0.22318980993854703,1.1232244493491423,0.21361657618905522,0.5236875800256082,0.4278728606356968,1.3863080684596576,0.16136919315403422,0.4084507042253521,174.31124156200525
2021,10,False,True,30,Louisville,24,ACC,1.3313084693657897,-1.299,71.4,0.06186726659167604,0.10348706411698538,0.16535433070866143,3.2637614678899083,1.1788990825688073,1.616817557501942,0.24651968585764908,0.5084364454443194,0.39823008849557523,4.208333333333333,0.7166666666666667,0.2320851389421401,1.0743502900432527,0.21728073268205014,0.4904386951631046,0.45871559633027525,1.305045871559633,0.1720183486238532,0.42744656917885265,206.32368851956255,1.4205395513060892,1.314,71.4,0.047953216374269005,0.09239766081871345,0.14035087719298245,3.232365145228216,1.7966804979253113,1.7063434791093945,0.38731122741049134,0.43508771929824563,0.45161290322580644,4.454545454545454,0.6808510638297872,0.30800310803270237,1.191896409063445,0.24708359487520956,0.5637426900584795,0.43568464730290457,1.2883817427385893,0.18049792531120332,0.4421052631578947,263.3426573679605
2021,11,True,True,44,UConn,7,FBS Independents,1.1721016102453454,-1.646,67.4,0.05310734463276836,0.0847457627118644,0.13785310734463277,3.1683333333333334,0.9645833333333333,1.5959869708196415,0.3492656743600068,0.45649717514124294,0.43564356435643564,4.4222222222222225,0.7948717948717948,0.24434904421903716,0.8505334056717416,0.15736172285472141,0.5423728813559322,0.48333333333333334,1.0625,0.15833333333333333,0.4610169491525424,216.24890413384787,1.3550147511244763,1.279,71.5,0.10256410256410256,0.1592442645074224,0.26180836707152494,2.6735202492211836,0.9750778816199377,1.6871988326944607,-0.02611249070360573,0.5614035087719298,0.25961538461538464,2.96,0.5128205128205128,-0.010243453581866888,1.058519868400854,0.021077670760287787,0.4331983805668016,0.37694704049844235,1.0654205607476637,0.21495327102803738,0.3090418353576248,-7.590399104163364
2021,12,True,True,48,Wake Forest,27,ACC,1.2200263081383336,-1.295,71.3,0.05527123848515865,0.1269191402251791,0.18219037871033777,3.290754716981132,1.7754716981132075,1.5008490341636562,0.18101831408136196,0.4534288638689867,0.4221218961625282,3.6559139784946235,0.7096774193548387,0.1935225973844154,1.0148940824870236,0.21986965896123642,0.5424769703172978,0.4830188679245283,1.420754716981132,0.1830188679245283,0.4534288638689867,189.07157764457384,1.3206981837164873,1.502,68.8,0.07527881040892194,0.07806691449814127,0.1533457249070632,3.0477099236641223,0.9694656488549618,1.6755149079281,0.41593731625961683,0.5102230483271375,0.46265938069216755,4.712871287128713,0.7215189873417721,0.2713445988526335,0.9219218653547632,0.12679317276148822,0.48698884758364314,0.4312977099236641,0.9179389312977099,0.15839694656488548,0.44609665427509293,291.9667883654337
2021,13,False,True,30,South Carolina,0,SEC,1.1729946158884752,-1.285,71.6,0.07891491985203453,0.09741060419235512,0.17632552404438964,3.3806521739130435,1.1195652173913042,1.6290387748405077,0.14355858740032773,0.4278668310727497,0.3919308357348703,3.3846153846153846,0.8727272727272727,0.14728010029612645,0.8818114909237971,0.1748841158709919,0.5672009864364982,0.46304347826086956,1.2239130434782608,0.12608695652173912,0.43033292231812575,119.44416134015854,1.2833772880245369,1.366,70.4,0.0535931790499391,0.13276492082825822,0.18635809987819732,2.900686498855835,1.265446224256293,1.8005308883605022,0.2737813790433123,0.46163215590742995,0.38786279683377306,3.242857142857143,0.7719298245614035,0.15304433232415068,0.8656763031377956,0.06622808312211335,0.5322777101096224,0.41647597254004576,1.0755148741418763,0.18306636155606407,0.4007308160779537,125.64939683812771
2022,1,False,True,41,Georgia Tech,10,ACC,1.1721012046948371,-1.487,69.2,0.05196304849884527,0.11200923787528869,0.16397228637413394,3.2293617021276595,1.195744680851064,1.5487581080802877,0.18931873552196982,0.4468822170900693,0.3979328165374677,3.1547619047619047,0.6909090909090909,0.13721135234428208,0.9143004797110178,0.1335561709467411,0.5427251732101617,0.4787234042553192,1.2361702127659575,0.15106382978723404,0.4376443418013857,118.82503113014829,1.2669481265167362,1.184,73.1,0.07142857142857142,0.13669950738916256,0.20812807881773399,2.9031088082901553,1.1709844559585492,1.4081564949220349,0.01717332503473984,0.5160098522167488,0.360381861575179,3.2545454545454544,0.6571428571428571,0.02703855965236402,1.1124375205080397,0.10214644979540832,0.4753694581280788,0.35751295336787564,1.2564766839378239,0.21243523316062177,0.35591133004926107,21.955310437719582
2022,3,True,True,48,Louisiana Tech,20,Conference USA,1.3546413065550462,-1.61,67.0,0.055944055944055944,0.08741258741258741,0.14335664335664336,3.395670995670996,2.409090909090909,1.6688937210927755,0.2593821636898014,0.4522144522144522,0.40463917525773196,4.135802469135802,0.7846153846153846,0.24479150931129842,1.1293553290097336,0.2732614600157776,0.5384615384615384,0.474025974025974,1.3506493506493507,0.14285714285714285,0.4382284382284382,210.03111498909402,1.3971930658009077,1.344,70.8,0.1026252983293556,0.11097852028639618,0.21360381861575178,2.691466666666667,1.2826666666666666,1.7648777293871256,0.2529217121048058,0.5381861575178998,0.3902439024390244,3.3376623376623376,0.64,0.12273788750969218,0.9628809799540999,0.062058236169830874,0.44749403341288785,0.3973333333333333,0.9813333333333333,0.192,0.38782816229116945,102.85434973312205
2022,4,False,True,51,Wake Forest,45,ACC,1.3110411810796267,-1.293,71.8,0.06745182012847965,0.09850107066381156,0.16595289079229122,2.9286697247706424,1.2201834862385321,1.6498977019406011,0.2751575019388494,0.5267665952890792,0.42886178861788615,3.8133333333333335,0.7636363636363637,0.1836124640186582,0.9307288092622568,0.1200716944018564,0.4668094218415418,0.43119266055045874,1.0573394495412844,0.18577981651376146,0.4271948608137045,171.49404139342676,1.211020813267701,1.415,69.8,0.07373737373737374,0.08282828282828283,0.15656565656565657,2.919098712446352,0.6351931330472103,1.5979610941475415,0.4263337735333282,0.5212121212121212,0.501937984496124,4.730337078651686,0.7183098591549296,0.21843482072161025,0.7148944135257269,0.010761987816002653,0.4707070707070707,0.4334763948497854,0.8626609442060086,0.17381974248927037,0.46565656565656566,216.25047251439415
2022,5,True,True,30,NC State,20,ACC,1.3903291970047789,-1.258,72.0,0.07665094339622641,0.11202830188679246,0.18867924528301888,2.5823204419889505,1.1022099447513811,1.6410321169357724,0.16580666152934953,0.5660377358490566,0.35625,3.388059701492537,0.5277777777777778,0.08539747006083441,1.0360300291684164,0.03419503249858024,0.4268867924528302,0.3342541436464088,0.9834254143646409,0.2513812154696133,0.3443396226415094,72.41705461158759,1.1839959966427451,1.525,68.4,0.06277533039647577,0.09691629955947137,0.15969162995594713,2.8749397590361445,0.5253012048192771,1.542284130217123,0.23738940901850888,0.5363436123348018,0.37782340862423,3.5185185185185186,0.7241379310344828,0.11902974124631263,0.8029265366561238,0.010781898145973905,0.45704845814977973,0.41686746987951806,1.0048192771084337,0.19036144578313252,0.3931718061674009,108.07900505165186
2022,6,False,True,31,Boston College,3,ACC,1.2752060079298397,-1.692,66.4,0.061068702290076333,0.12340966921119594,0.18447837150127228,2.9157142857142855,1.4595238095238094,1.575315504598349,0.3024099161093425,0.455470737913486,0.4106145251396648,4.073170731707317,0.717391304347826,0.1684177791997858,1.0245463715078462,0.10280486664288672,0.5343511450381679,0.41904761904761906,1.1214285714285714,0.1880952380952381,0.410941475826972,132.37637445103164,1.3360218398894348,1.234,72.1,0.07188703465982028,0.1540436456996149,0.22593068035943517,2.2973941368078177,0.6677524429967426,1.6261715887017794,0.2458215411651513,0.5879332477535302,0.3799126637554585,2.8923076923076922,0.6944444444444444,0.08850535995643632,0.8770576917680896,-0.044256111017273975,0.3940949935815148,0.3583061889250814,0.9055374592833876,0.2768729641693811,0.3645699614890886,68.9456754060639
2022,7,False,True,34,Florida State,28,ACC,1.1396488572395183,-1.256,72.1,0.058823529411764705,0.10705882352941176,0.16588235294117648,3.3349137931034485,0.8383620689655172,1.5427147433374537,0.14128923079209724,0.44823529411764707,0.3858267716535433,4.084745762711864,0.7692307692307693,0.1349709062756362,0.8561527555342718,0.14411126694746523,0.5458823529411765,0.4504310344827586,1.1702586206896552,0.14439655172413793,0.4188235294117647,114.72527033429078,1.3767438758868074,1.652,66.8,0.048943270300333706,0.10122358175750834,0.15016685205784205,3.3487704918032786,1.9282786885245902,1.7485572340664974,0.3902376885820301,0.4560622914349277,0.45365853658536587,4.32,0.6818181818181818,0.33180452556898576,1.0967548693223446,0.29175960548731217,0.542825361512792,0.5061475409836066,1.3442622950819672,0.16188524590163936,0.48164627363737483,298.2922684865182
2022,8,True,True,27,Syracuse,21,ACC,1.0250957108237408,-1.523,67.8,0.04252873563218391,0.10689655172413794,0.14942528735632185,3.1473572938689216,0.8414376321353065,1.3481701812027524,0.17150373425807203,0.45057471264367815,0.42346938775510207,3.2962962962962963,0.676056338028169,0.09876820975321698,0.7824243891815871,0.06722045503535791,0.5436781609195402,0.46723044397463004,0.9069767441860465,0.1522198731501057,0.44482758620689655,85.92834248529877,1.2031318006201757,1.426,69.9,0.057001239157372985,0.1127633209417596,0.1697645600991326,3.28,1.1873417721518986,1.4501059740300273,0.17942337211587783,0.5043370508054523,0.4348894348894349,3.7468354430379747,0.6666666666666666,0.1786205474148016,0.969364802258979,0.20391314111481584,0.48946716232961585,0.47341772151898737,1.3316455696202532,0.18227848101265823,0.4510532837670384,144.14678176374488
2022,10,False,False,14,Notre Dame,35,FBS Independents,1.3152881764111868,-1.114,74.0,0.03753026634382567,0.1089588377723971,0.14648910411622276,2.965577889447236,1.3115577889447236,1.6286966049216534,0.15051949750847057,0.5108958837772397,0.35545023696682465,3.9206349206349205,0.62,0.1256395205784177,1.038751327725481,0.14011625894244079,0.48184019370460046,0.4271356783919598,1.1934673366834172,0.1984924623115578,0.387409200968523,103.77824399777303,1.121542104372761,1.67,66.6,0.04931192660550459,0.07454128440366972,0.12385321100917432,3.2824902723735407,1.0155642023346303,1.5763512738935275,0.27600365883732547,0.40825688073394495,0.4606741573033708,3.989247311827957,0.7073170731707317,0.17059327705218397,0.8219890770578786,0.11364125950744393,0.5894495412844036,0.48443579766536965,1.11284046692607,0.14007782101167315,0.4736238532110092,148.75733758950443
2022,11,True,True,31,Louisville,16,ACC,1.214354250381846,-1.388,70.2,0.05847255369928401,0.13723150357995226,0.1957040572792363,2.892147806004619,1.3556581986143188,1.624669214536355,0.13045689336515648,0.4737470167064439,0.37531486146095716,2.8533333333333335,0.6346153846153846,0.031200929242661646,0.8820883283219447,0.00010939597181086131,0.5167064439140812,0.42494226327944573,1.1732101616628177,0.21709006928406466,0.39737470167064437,26.146378705350457,1.3294341603821307,1.413,70.0,0.05353075170842825,0.09681093394077449,0.15034168564920272,3.090816326530612,1.8571428571428572,1.6332977992324282,0.21829556100196937,0.4328018223234624,0.40789473684210525,3.736842105263158,0.6923076923076923,0.16022650859908788,1.0974200519003763,0.15149254974078838,0.5580865603644647,0.4142857142857143,1.2244897959183674,0.20204081632653062,0.40774487471526194,140.67887454999916
2022,12,True,True,40,Miami,10,ACC,1.282875082614682,-1.312,71.3,0.07258064516129033,0.13844086021505375,0.2110215053763441,2.9167525773195875,1.1701030927835052,1.7437051900529146,0.22129772807094447,0.4731182795698925,0.4005681818181818,3.761904761904762,0.6851851851851852,0.1451870921750213,0.8983955255212452,0.09922495770560408,0.521505376344086,0.43556701030927836,1.2371134020618557,0.1958762886597938,0.4166666666666667,108.01919657821584,1.1156008273205409,1.305,71.8,0.06832298136645963,0.10559006211180125,0.17391304347826086,3.1698369565217392,0.9728260869565217,1.4529996537384873,0.19178164079212012,0.5366459627329192,0.4212962962962963,3.5,0.7164179104477612,0.13793011719095627,0.7800457103365722,0.11132760592645574,0.45714285714285713,0.49728260869565216,1.1929347826086958,0.1766304347826087,0.453416149068323,111.03374433871979
2022,13,True,False,30,South Carolina,31,SEC,1.1457524963869936,-1.191,73.3,0.0752453653217012,0.07960741548527808,0.15485278080697928,3.482020202020202,1.3252525252525253,1.5555002992359548,0.20586463118109535,0.44820065430752454,0.39902676399026765,4.12,0.84,0.18361380293125834,0.8801452249750187,0.23033592404529601,0.5398037077426391,0.5111111111111111,1.1919191919191918,0.1111111111111111,0.4547437295528899,168.3738572879639,1.369442233062775,1.404,69.8,0.04860267314702309,0.14094775212636695,0.18955042527339003,2.9854166666666666,1.25,1.7816873953414303,0.30309732081099316,0.5249088699878494,0.4027777777777778,4.536231884057971,0.7241379310344828,0.20396504109708188,0.947497184612857,0.12462404153093343,0.4665856622114216,0.4427083333333333,1.0963541666666667,0.1875,0.41798298906439857,167.86322882289838
2022,14,False,True,39,North Carolina,10,ACC,1.1844231897202115,-1.215,72.3,0.05976095617529881,0.06274900398406374,0.12250996015936255,3.21610337972167,0.9880715705765407,1.5455877772037758,0.38124700658304117,0.49302788844621515,0.4707070707070707,4.506024096385542,0.75,0.25658424422712345,0.8337591735808955,0.1459008776988611,0.500996015936255,0.4850894632206759,1.0198807157057654,0.13916500994035785,0.4760956175298805,257.610581204032,1.3199779884351774,1.367,70.4,0.04267701260911736,0.09699321047526673,0.1396702230843841,3.1443496801705755,1.4285714285714286,1.5989102429257542,0.3935898573998465,0.5431619786614937,0.4732142857142857,4.468085106382978,0.7123287671232876,0.2850191092420305,0.9696602280560171,0.16637960024189713,0.45489815712900095,0.44989339019189767,1.1748400852878464,0.16631130063965885,0.46168768186226966,293.85470162853346
2023,1,False,False,7,Duke,28,ACC,1.133599941540267,-1.157,73.2,0.07560137457044673,0.10080183276059565,0.1764032073310424,3.0579310344827584,0.9379310344827586,1.36437628668493,0.20365771493508136,0.4948453608247423,0.4351851851851852,3.4696969696969697,0.7,0.12397673429209576,0.8965182317741655,0.0629479299631749,0.49828178694158076,0.4206896551724138,1.0689655172413792,0.17471264367816092,0.424971363115693,108.2316890369996,1.2433587650396947,1.473,69.0,0.06496815286624204,0.08280254777070063,0.14777070063694267,3.045130641330166,1.5534441805225654,1.4975711713910984,0.27098970808797684,0.46114649681528663,0.42265193370165743,4.268656716417911,0.6521739130434783,0.1850632559196354,1.0172279617154807,0.11428939695001789,0.5363057324840764,0.4085510688836104,1.0380047505938241,0.19239904988123516,0.4140127388535032,145.2746558969138
2023,3,True,True,48,Florida Atlantic,14,American Athletic,1.1967107990045238,-1.343,70.7,0.04308390022675737,0.10657596371882086,0.14965986394557823,3.249665924276169,0.8195991091314031,1.577591390198734,0.33131019670676176,0.481859410430839,0.44941176470588234,3.44,0.7321428571428571,0.16975452463965998,0.8034773237715828,0.06178180071084364,0.5090702947845805,0.41202672605790647,1.0111358574610245,0.12026726057906459,0.42630385487528344,149.7234907321801,1.248231628667209,1.525,68.3,0.08181818181818182,0.12077922077922078,0.2025974025974026,3.2588757396449703,1.4497041420118344,1.4756933100564058,0.1967150390549155,0.5441558441558442,0.38663484486873506,3.723076923076923,0.7209302325581395,0.11818358228839516,0.9868926755817489,0.10726836968332087,0.43896103896103894,0.4171597633136095,1.0976331360946745,0.1301775147928994,0.3935064935064935,91.00135836206428
2023,4,True,False,24,Florida State,31,ACC,1.2590275326295581,-1.097,74.1,0.09327548806941431,0.12472885032537961,0.21800433839479394,2.808119658119658,2.0256410256410255,1.56981778729098,0.05452609152100542,0.4913232104121475,0.32229580573951433,3.5,0.7727272727272727,0.07223901410463007,1.0202097579949916,0.11190219426006145,0.5075921908893709,0.405982905982906,1.1111111111111112,0.202991452991453,0.3644251626898048,66.60437100446892,1.4236153750482725,1.343,70.8,0.06278026905829596,0.09641255605381166,0.1591928251121076,2.6385844748858447,1.8561643835616437,1.6660276912166534,0.3507947300368474,0.507847533632287,0.4370860927152318,4.445783132530121,0.6170212765957447,0.21854735737884198,1.141276324452158,0.0862817927182651,0.4910313901345291,0.3881278538812785,1.0639269406392693,0.20319634703196346,0.4125560538116592,194.94424278192704
2023,5,False,True,31,Syracuse,14,ACC,1.1470818873908257,-1.357,70.4,0.05384615384615385,0.11098901098901098,0.16483516483516483,2.8914163090128757,0.8390557939914163,1.5533185964151248,0.19665071008313836,0.4835164835164835,0.3931818181818182,3.0120481927710845,0.7631578947368421,0.11306605236436912,0.8042577378239781,0.04660673360058979,0.512087912087912,0.43991416309012876,0.9527896995708155,0.18669527896995708,0.4153846153846154,102.89010765157589,1.2611912242667809,1.336,70.9,0.05653710247349823,0.11012956419316844,0.16666666666666666,2.9362549800796813,1.2390438247011952,1.6322797776521385,0.2616748609083183,0.3992932862190813,0.3864306784660767,3.527027027027027,0.7301587301587301,0.12534545280148351,1.008000596696563,0.06654226394156505,0.591283863368669,0.38247011952191234,0.9800796812749004,0.18326693227091634,0.38044758539458184,106.4182894284595
2023,6,True,True,17,Wake Forest,12,ACC,1.3049687460824346,-1.316,71.5,0.047073791348600506,0.10305343511450382,0.15012722646310434,3.0782608695652174,1.3357487922705313,1.7255305292583722,0.4025512128986722,0.4631043256997455,0.42032967032967034,4.09375,0.6491228070175439,0.2133150842904598,0.9219571221186342,0.07530482790089207,0.5267175572519084,0.4057971014492754,1.0096618357487923,0.15217391304347827,0.4083969465648855,167.6656562523014,1.108139203340684,1.432,69.4,0.0888030888030888,0.14157014157014158,0.23037323037323038,2.922488038277512,1.0717703349282297,1.5546295891937085,0.1701173186364118,0.4517374517374517,0.4074074074074074,2.9583333333333335,0.6333333333333333,0.04469998488524385,0.7325619964172575,-0.011896212566649945,0.5379665379665379,0.40669856459330145,0.9473684210526315,0.18421052631578946,0.40283140283140284,34.73188825583447
2023,8,False,False,20,Miami,28,ACC,1.2930035945190905,-1.207,72.5,0.05576679340937896,0.12167300380228137,0.17743979721166034,2.575609756097561,0.964769647696477,1.58673523626926,0.2185593996015279,0.5272496831432193,0.3918269230769231,4.533333333333333,0.6862745098039216,0.12217910387955358,0.9534414838433626,0.027806463453743824,0.467680608365019,0.3821138211382114,1.008130081300813,0.24390243902439024,0.385297845373891,96.39931296096778,1.33005675852604,1.347,70.7,0.06559263521288838,0.0805523590333717,0.14614499424626007,3.2938242280285035,1.2470308788598574,1.6251239823083679,0.40142860842365774,0.5040276179516686,0.4497716894977169,3.9878048780487805,0.8333333333333334,0.24575564271751102,1.0053179703410202,0.13925661178728643,0.4844649021864212,0.4251781472684085,1.147268408551069,0.15914489311163896,0.4326812428078251,213.56165352151706
2023,9,False,False,17,NC State,24,ACC,1.2924453898803703,-1.297,71.6,0.07369758576874205,0.11308767471410419,0.18678526048284624,2.849565217391304,1.4202898550724639,1.4864004063708054,0.14369747070357008,0.5463786531130876,0.3930232558139535,3.639344262295082,0.6222222222222222,0.0885179808301487,1.045991271181998,0.09927700557511879,0.4383735705209657,0.3855072463768116,1.098550724637681,0.20869565217391303,0.38373570520965694,69.66365091332702,1.2312591892762428,1.459,69.5,0.0589622641509434,0.11202830188679246,0.17099056603773585,3.1411504424778762,1.1792035398230087,1.5996804080428424,0.20254923010597475,0.45872641509433965,0.38817480719794345,3.9857142857142858,0.8064516129032258,0.1572591190525568,0.9369120779865256,0.1382262914566922,0.5330188679245284,0.41814159292035397,1.154867256637168,0.1570796460176991,0.4009433962264151,133.35573295656815
2023,10,True,True,31,Notre Dame,23,FBS Independents,1.238629266945535,-1.414,69.1,0.07462686567164178,0.11691542288557213,0.19154228855721392,2.732266009852217,1.0394088669950738,1.5534100012734917,0.02960525047388887,0.48258706467661694,0.3324742268041237,2.966666666666667,0.7272727272727273,-0.0057114227371585285,0.9623931123312057,0.010950561978897341,0.5049751243781094,0.3620689655172414,0.9039408866995073,0.20935960591133004,0.34328358208955223,-4.591983880675457,1.3099288144085277,1.404,70.3,0.04466501240694789,0.0794044665012407,0.12406947890818859,3.344796380090498,1.6538461538461537,1.8048511736645083,0.5395296727695175,0.4491315136476427,0.48342541436464087,4.869047619047619,0.7,0.3416955138906538,0.9249892016538763,0.1984875160694933,0.5483870967741935,0.5090497737556561,1.2986425339366516,0.1515837104072398,0.49627791563275436,275.4065841958669
2023,11,True,True,42,Georgia Tech,21,ACC,1.203084014395896,-1.426,69.7,0.07207207207207207,0.08220720720720721,0.15427927927927929,3.5800788954635108,1.5680473372781065,1.5833305967224838,0.30985571602164413,0.4166666666666667,0.43513513513513513,3.9130434782608696,0.847457627118644,0.2400076667852826,0.9611089165517037,0.2464811793602765,0.5709459459459459,0.4990138067061144,1.291913214990138,0.1341222879684418,0.46621621621621623,213.12680810533095,1.3193864298506597,1.414,69.3,0.056009334889148193,0.08518086347724621,0.1411901983663944,3.4275268817204303,1.6172043010752688,1.8241677963045806,0.35292453814979063,0.43990665110851807,0.4217506631299735,3.8333333333333335,0.7241379310344828,0.24673905917160802,0.9610817991981,0.22367307424515706,0.5425904317386231,0.4817204301075269,1.2623655913978495,0.14408602150537633,0.4469078179696616,211.45537371006807
2023,12,True,True,31,North Carolina,20,ACC,1.2807288857802293,-1.545,67.6,0.05837004405286344,0.09801762114537445,0.15638766519823788,3.2587852494577008,1.175704989154013,1.590207982900075,0.2739738423914747,0.4834801762114537,0.4145785876993166,3.4096385542168677,0.75,0.1738925650789952,0.991881728468373,0.14070801879423595,0.5077092511013216,0.4229934924078091,1.1127982646420824,0.1301518438177874,0.41519823788546256,157.89444909172764,1.2788486707203344,1.454,68.9,0.047619047619047616,0.09199134199134198,0.1396103896103896,3.3680365296803654,1.504566210045662,1.5492551761885862,0.3287938328043618,0.5216450216450217,0.4460580912863071,4.130952380952381,0.7246376811594203,0.2833259510362629,1.0133810968588084,0.25686182083132164,0.474025974025974,0.5,1.2557077625570776,0.1461187214611872,0.4696969696969697,261.7931787575069
2023,13,False,True,16,South Carolina,7,SEC,1.1759137413463854,-1.601,67.1,0.07647058823529412,0.08235294117647059,0.1588235294117647,3.16889400921659,0.7649769585253456,1.553547261443155,0.30263612229985126,0.4776470588235294,0.42857142857142855,3.418918918918919,0.7586206896551724,0.1740809320669145,0.8389484464908064,0.11766798831675218,0.5105882352941177,0.44930875576036866,0.9792626728110599,0.12211981566820276,0.43411764705882355,147.96879225687732,1.3346029932022878,1.464,69.3,0.062095730918499355,0.1371280724450194,0.19922380336351875,2.825846153846154,1.2707692307692309,1.589099817452612,0.35005245071732394,0.5705045278137129,0.4376417233560091,4.0625,0.75,0.20421554117662472,0.9352705779151939,0.029846637705224756,0.4204398447606727,0.37846153846153846,0.963076923076923,0.16923076923076924,0.4087968952134541,157.8586133295309
2024,1,False,False,3,Georgia,34,SEC,1.2180400963955582,-1.124,73.8,0.046153846153846156,0.11153846153846154,0.1576923076923077,2.8889168765743074,1.1360201511335013,1.4888542646720557,0.1309114465433471,0.491025641025641,0.3785900783289817,3.338709677419355,0.7755102040816326,0.10868421992649657,0.96632179895907,0.08724082497875413,0.5089743589743589,0.3929471032745592,1.0277078085642317,0.16876574307304787,0.3858974358974359,84.77369154266734,1.2445354307078975,1.339,70.5,0.06403940886699508,0.07881773399014778,0.14285714285714285,3.019774011299435,0.8361581920903954,1.5113150472025687,0.3604997980628461,0.562807881773399,0.47702407002188185,4.776315789473684,0.7538461538461538,0.2650957035961954,0.8941862957932086,0.14742485001965058,0.43596059113300495,0.4689265536723164,1.1045197740112993,0.1864406779661017,0.4729064039408867,215.25771132011064
2024,2,True,True,66,App State,20,Sun Belt,1.2221910652730221,-1.333,71.3,0.02463768115942029,0.09130434782608696,0.11594202898550725,3.442455242966752,1.6854219948849105,1.4900892822596996,0.3502842436177914,0.43043478260869567,0.46464646464646464,4.777777777777778,0.7777777777777778,0.2837965506438679,1.033568851272198,0.2543010511821695,0.5666666666666667,0.5012787723785166,1.2736572890025575,0.13810741687979539,0.48405797101449277,195.81961994426882,1.3095201618176562,1.187,72.4,0.08796895213454076,0.0705045278137128,0.15847347994825356,3.1673854447439354,1.0215633423180592,1.7518950102262847,0.2800958349084625,0.5161707632600259,0.41854636591478694,3.893939393939394,0.813953488372093,0.19079451997102842,0.8800050473743948,0.12253652851744472,0.4799482535575679,0.4636118598382749,1.261455525606469,0.1725067385444744,0.4385510996119017,147.48416393760496
2024,4,True,True,59,NC State,35,ACC,1.3519751834973643,-1.492,68.2,0.07722513089005235,0.12827225130890052,0.2054973821989529,2.9732782369146005,1.7493112947658402,1.4786923179929015,0.20005296832022573,0.5235602094240838,0.4275,3.7222222222222223,0.7647058823529411,0.1683784181718138,1.1926470217419467,0.14092178362992866,0.47513089005235604,0.3746556473829201,1.068870523415978,0.15151515151515152,0.4018324607329843,128.64111148326572,1.3205043970719863,1.301,71.1,0.06403269754768393,0.13896457765667575,0.20299727520435967,3.1713483146067416,1.396067415730337,1.6243389631555334,0.310353599824693,0.5095367847411444,0.45454545454545453,4.072463768115942,0.75,0.22135399272963255,0.9851026033433953,0.15320286987074505,0.48501362397820164,0.43258426966292135,1.199438202247191,0.16573033707865167,0.44141689373297005,162.4738306635503
2024,5,True,True,40,Stanford,14,ACC,1.3283518743058402,-1.625,67.5,0.040207522697795074,0.10376134889753567,0.14396887159533073,2.9107042253521125,1.4788732394366197,1.573230948055876,0.37399276363732015,0.5395590142671854,0.4735576923076923,4.533333333333333,0.6956521739130435,0.2527244065763696,1.0171184708945042,0.11061838816128383,0.4604409857328145,0.43661971830985913,1.0253521126760563,0.2028169014084507,0.4565499351491569,194.85051747038094,1.2270450015217331,1.261,71.5,0.06965174129353234,0.1517412935323383,0.22139303482587064,2.7077306733167084,1.1820448877805485,1.448144987339967,0.141985776429929,0.5,0.39800995024875624,3.6721311475409837,0.6349206349206349,0.09827602646074628,1.0086746451580455,0.05932413959980763,0.4987562189054726,0.40399002493765584,1.0648379052369077,0.23690773067331672,0.40049751243781095,79.01392527444
2024,6,False,True,29,Florida State,13,ACC,1.3781018393609883,-1.427,69.5,0.04648241206030151,0.09673366834170855,0.14321608040201006,3.0193693693693695,1.6126126126126126,1.7471473973840144,0.3369302921497739,0.4396984924623116,0.4057142857142857,3.6184210526315788,0.7962962962962963,0.23882217075546852,1.0932949413214788,0.17530526895350684,0.5577889447236181,0.4144144144144144,1.1261261261261262,0.16891891891891891,0.40954773869346733,190.10244792135293,1.288372956681775,1.085,73.7,0.056708160442600276,0.1507607192254495,0.2074688796680498,2.9565749235474006,0.7339449541284404,1.7180341827828343,0.013979568593626332,0.5435684647302904,0.3104325699745547,2.88,0.6923076923076923,0.040392399265119706,0.8882304407708651,0.08152632075077366,0.45228215767634855,0.40061162079510704,1.0886850152905199,0.17737003058103976,0.3499308437067773,29.20370466868155
2024,7,False,True,49,Wake Forest,14,ACC,1.1208219491913267,-1.261,71.8,0.037209302325581395,0.08255813953488372,0.11976744186046512,3.287179487179487,1.2333333333333334,1.2589076274987343,0.34964521038077506,0.5441860465116279,0.5299145299145299,4.118421052631579,0.8166666666666667,0.2739397753461931,0.9424612813775919,0.20417034880744356,0.45348837209302323,0.49230769230769234,1.3051282051282052,0.14358974358974358,0.5116279069767442,235.58820679772606,1.1699342044712726,1.316,71.0,0.06563245823389022,0.09904534606205251,0.16467780429594273,3.0547029702970296,0.8168316831683168,1.450207568952265,0.20071349988325013,0.5119331742243437,0.41025641025641024,3.2027027027027026,0.7931034482758621,0.11887081427997831,0.8943581589480623,0.06042161148585564,0.4821002386634845,0.4430693069306931,1.0148514851485149,0.15346534653465346,0.4236276849642005,99.61374236662182
2024,8,True,True,48,Virginia,31,ACC,1.3000605028587127,-1.406,70.1,0.058823529411764705,0.08635794743429287,0.14518147684605756,3.2201511335012594,1.022670025188917,1.6273429357486906,0.34840860907773824,0.5018773466833542,0.40648379052369077,4.037974683544304,0.7719298245614035,0.2461287351340997,0.982518618566651,0.1474097228047852,0.49687108886107634,0.42317380352644834,0.9571788413098237,0.1385390428211587,0.4142678347934919,196.65685937214565,1.1896820615684607,1.353,70.5,0.06867469879518072,0.1108433734939759,0.17951807228915662,3.2333333333333334,1.0103359173126616,1.4821716115241461,0.08629993803712738,0.5313253012048192,0.36054421768707484,3.46875,0.7142857142857143,0.12073432878156197,0.91449958557465,0.16262930300777348,0.46626506024096387,0.43669250645994834,1.1886304909560723,0.12403100775193798,0.39518072289156625,100.20949288869643
2024,10,True,False,21,Louisville,33,ACC,1.3179755384359217,-1.147,73.3,0.05405405405405406,0.10565110565110565,0.1597051597051597,2.900250626566416,0.8922305764411027,1.660809368002958,0.2112933146822375,0.5098280098280098,0.38313253012048193,4.035714285714286,0.6231884057971014,0.13311736209268374,0.9751417088688854,0.051806534211318325,0.49017199017199015,0.39849624060150374,1.0902255639097744,0.21052631578947367,0.3906633906633907,108.35753274344457,1.3478767610455116,1.461,69.4,0.05370843989769821,0.07544757033248081,0.12915601023017903,3.1029649595687334,2.347708894878706,1.6335137258017334,0.3904165885322184,0.5217391304347826,0.45098039215686275,4.1375,0.6666666666666666,0.3005189322483432,1.0542611101229147,0.21861654708113312,0.4744245524296675,0.48247978436657685,1.2318059299191375,0.16981132075471697,0.4641943734015345,235.00580501820437
2024,11,False,True,24,Virginia Tech,14,ACC,1.2452941223029825,-1.35,70.5,0.07740324594257178,0.12359550561797752,0.2009987515605493,2.9,1.079136690647482,1.7303677395404375,0.16089234450708878,0.47440699126092384,0.3605263157894737,2.971014492753623,0.7166666666666667,0.08533871659951585,0.865550776237089,0.06177129719106359,0.5205992509363296,0.4196642685851319,1.038369304556355,0.18944844124700239,0.3895131086142322,68.35631199621218,1.277664665866824,1.424,69.8,0.05352480417754569,0.13054830287206268,0.18407310704960836,3.012206572769953,1.676056338028169,1.5347680655239784,0.1687889771408676,0.43994778067885115,0.3857566765578635,4.223880597014926,0.7719298245614035,0.17612986643211215,1.0989296821479466,0.20552189294994125,0.556135770234987,0.43896713615023475,1.1502347417840375,0.18544600938967137,0.41383812010443866,134.91547768699792
2024,12,False,True,24,Pittsburgh,20,ACC,1.390148182195237,-1.341,70.7,0.06789413118527042,0.12658227848101267,0.19447640966628307,2.3816625916870415,0.9339853300733496,1.777960760033456,0.21880248183464446,0.5270425776754891,0.38427947598253276,3.742857142857143,0.5,0.10336441737920496,0.9608713664749442,-0.003806360458531502,0.4706559263521289,0.38875305623471884,0.9242053789731052,0.25183374083129584,0.38550057537399307,89.82367870252911,1.4057348658293018,1.219,73.0,0.08529048207663782,0.13226205191594562,0.21755253399258342,3.0636655948553053,1.7620578778135048,1.5936691954656714,0.18770009569054022,0.61557478368356,0.40562248995983935,4.014084507042253,0.7111111111111111,0.18165188447634215,1.1181383916887973,0.17196696748383203,0.38442521631644005,0.42443729903536975,1.2090032154340835,0.1832797427652733,0.41285537700865266,146.9563745413608
2024,14,True,False,14,South Carolina,17,SEC,1.1236203502285933,-1.234,72.3,0.06025641025641026,0.1423076923076923,0.20256410256410257,2.799208443271768,0.6649076517150396,1.4687382455058402,0.09449489630166275,0.5038461538461538,0.3816793893129771,3.109375,0.6595744680851063,0.05591557674977484,0.807963738694526,0.05226165491337264,0.4858974358974359,0.43271767810026385,0.899736147757256,0.17678100263852242,0.4025641025641026,43.61414986482438,1.3315905016187806,1.401,69.9,0.04438964241676942,0.13686806411837238,0.1812577065351418,3.0505197505197503,1.5384615384615385,1.8493939732145925,0.3622449410366751,0.4032059186189889,0.43119266055045874,4.048192771084337,0.8153846153846154,0.22733564025784087,0.9872023436234526,0.1530761803700801,0.593094944512947,0.4407484407484408,1.1288981288981288,0.158004158004158,0.4352651048088779,184.36920424910895
2024,15,False,,,SMU,,ACC,1.2717362705927113,-1.343,70.5,0.07942238267148015,0.12515042117930206,0.2045728038507822,2.583378016085791,0.6595174262734584,1.677282282323231,0.1014252421580147,0.5487364620938628,0.3508771929824561,2.842857142857143,0.5531914893617021,0.0069739175646253634,0.8115422147282921,-0.09875104003864649,0.44885679903730447,0.3780160857908847,0.839142091152815,0.21983914209115282,0.3622141997593261,5.795325496203677,1.4117569940914065,1.503,69.0,0.058385093167701865,0.0968944099378882,0.15527950310559005,2.9205357142857142,1.2410714285714286,1.9006766062333906,0.4998332784998834,0.4422360248447205,0.44662921348314605,4.560975609756097,0.7205882352941176,0.2939626182802122,1.0110445284698832,0.1348682687506276,0.5565217391304348,0.4330357142857143,1.0848214285714286,0.18080357142857142,0.43850931677018634,236.6399077155708
