season,week,home,win,SMU_points,opp,opp_points,opp_games,games,opp_thirdDowns,opp_puntReturnTDs,opp_passesIntercepted,opp_passingTDs,opp_fourthDowns,opp_fumblesRecovered,opp_passAttempts,opp_firstDowns,opp_rushingTDs,opp_penalties,opp_rushingYards,opp_interceptions,opp_totalYards,opp_possessionTime,opp_turnovers,opp_puntReturnYards,opp_passCompletions,opp_penaltyYards,opp_fourthDownConversions,opp_rushingAttempts,opp_puntReturns,opp_interceptionTDs,opp_interceptionYards,opp_netPassingYards,opp_fumblesLost,opp_thirdDownConversions,penaltyYards,interceptionYards,fumblesRecovered,puntReturns,fourthDownConversions,interceptions,possessionTime,rushingAttempts,fumblesLost,rushingYards,rushingTDs,puntReturnYards,thirdDowns,turnovers,puntReturnTDs,passAttempts,netPassingYards,passCompletions,passesIntercepted,firstDowns,interceptionTDs,thirdDownConversions,penalties,passingTDs,fourthDowns,totalYards,opp_kickReturns,opp_kickReturnTDs,opp_kickReturnYards,kickReturnTDs,kickReturns,kickReturnYards,opp_sacks,opp_tacklesForLoss,tacklesForLoss,sacks
2001,2,False,False,6,Louisiana Tech,36,12,11,,,,,,,,,,,,,,,,,,,,,,,,,,,,,,,,,,,,,,,,,,,,,,,,,,,,,,,,,,,,,,
2001,3,True,False,10,TCU,38,12,11,,,,,,,,,,,,,,,,,,,,,,,,,,,,,,,,,,,,,,,,,,,,,,,,,,,,,,,,,,,,,,
2001,5,True,False,17,NC State,26,12,11,,,,,,,,,,,,,,,,,,,,,,,,,,,,,,,,,,,,,,,,,,,,,,,,,,,,,,,,,,,,,,
2001,7,True,False,31,Hawai'i,38,12,11,,,,,,,,,,,,,,,,,,,,,,,,,,,,,,,,,,,,,,,,,,,,,,,,,,,,,,,,,,,,,,
2001,8,False,True,24,San José State,17,12,11,,,,,,,,,,,,,,,,,,,,,,,,,,,,,,,,,,,,,,,,,,,,,,,,,,,,,,,,,,,,,,
2001,10,True,True,40,UTEP,14,11,11,,,,,,,,,,,,,,,,,,,,,,,,,,,,,,,,,,,,,,,,,,,,,,,,,,,,,,,,,,,,,,
2001,11,False,False,14,Nevada,35,11,11,,,,,,,,,,,,,,,,,,,,,,,,,,,,,,,,,,,,,,,,,,,,,,,,,,,,,,,,,,,,,,
2001,12,True,False,13,Fresno State,38,14,11,,,,,,,,,,,,,,,,,,,,,,,,,,,,,,,,,,,,,,,,,,,,,,,,,,,,,,,,,,,,,,
2001,13,False,True,24,Tulsa,14,11,11,,,,,,,,,,,,,,,,,,,,,,,,,,,,,,,,,,,,,,,,,,,,,,,,,,,,,,,,,,,,,,
2001,14,True,True,37,Rice,20,12,11,,,,,,,,,,,,,,,,,,,,,,,,,,,,,,,,,,,,,,,,,,,,,,,,,,,,,,,,,,,,,,
2001,15,False,False,10,North Carolina,19,13,11,,,,,,,,,,,,,,,,,,,,,,,,,,,,,,,,,,,,,,,,,,,,,,,,,,,,,,,,,,,,,,
2002,2,True,False,7,Navy,38,12,12,,,,,,,,,,,,,,,,,,,,,,,,,,,,,,,,,,,,,,,,,,,,,,,,,,,,,,,,,,,,,,
2002,3,True,False,14,Texas Tech,24,14,12,,,,,,,,,,,,,,,,,,,,,,,,,,,,,,,,,,,,,,,,,,,,,,,,,,,,,,,,,,,,,,
2002,4,False,False,6,TCU,17,12,12,,,,,,,,,,,,,,,,,,,,,,,,,,,,,,,,,,,,,,,,,,,,,,,,,,,,,,,,,,,,,,
2002,5,False,False,16,Oklahoma State,52,13,12,,,,,,,,,,,,,,,,,,,,,,,,,,,,,,,,,,,,,,,,,,,,,,,,,,,,,,,,,,,,,,
2002,6,False,False,10,Hawai'i,42,14,12,,,,,,,,,,,,,,,,,,,,,,,,,,,,,,,,,,,,,,,,,,,,,,,,,,,,,,,,,,,,,,
2002,7,True,False,23,San José State,34,13,12,,,,,,,,,,,,,,,,,,,,,,,,,,,,,,,,,,,,,,,,,,,,,,,,,,,,,,,,,,,,,,
2002,8,False,False,7,Fresno State,30,14,12,,,,,,,,,,,,,,,,,,,,,,,,,,,,,,,,,,,,,,,,,,,,,,,,,,,,,,,,,,,,,,
2002,9,True,True,37,Louisiana Tech,34,12,12,,,,,,,,,,,,,,,,,,,,,,,,,,,,,,,,,,,,,,,,,,,,,,,,,,,,,,,,,,,,,,
2002,10,False,False,15,Rice,27,11,12,,,,,,,,,,,,,,,,,,,,,,,,,,,,,,,,,,,,,,,,,,,,,,,,,,,,,,,,,,,,,,
2002,11,True,False,6,Nevada,24,12,12,,,,,,,,,,,,,,,,,,,,,,,,,,,,,,,,,,,,,,,,,,,,,,,,,,,,,,,,,,,,,,
2002,13,False,True,42,UTEP,35,12,12,,,,,,,,,,,,,,,,,,,,,,,,,,,,,,,,,,,,,,,,,,,,,,,,,,,,,,,,,,,,,,
2002,14,True,True,24,Tulsa,21,12,12,,,,,,,,,,,,,,,,,,,,,,,,,,,,,,,,,,,,,,,,,,,,,,,,,,,,,,,,,,,,,,
2003,2,False,False,10,Texas Tech,58,13,12,,,,,,,,,,,,,,,,,,,,,,,,,,,,,,,,,,,,,,,,,,,,,,,,,,,,,,,,,,,,,,
2003,4,False,False,7,Baylor,10,12,12,,,,,,,,,,,,,,,,,,,,,,,,,,,,,,,,,,,,,,,,,,,,,,,,,,,,,,,,,,,,,,
2003,5,True,False,6,Oklahoma State,52,13,12,,,,,,,,,,,,,,,,,,,,,,,,,,,,,,,,,,,,,,,,,,,,,,,,,,,,,,,,,,,,,,
2003,6,False,False,9,Nevada,12,12,12,,,,,,,,,,,,,,,,,,,,,,,,,,,,,,,,,,,,,,,,,,,,,,,,,,,,,,,,,,,,,,
2003,7,True,False,19,UTEP,21,13,12,,,,,,,,,,,,,,,,,,,,,,,,,,,,,,,,,,,,,,,,,,,,,,,,,,,,,,,,,,,,,,
2003,8,False,False,14,San José State,31,11,12,,,,,,,,,,,,,,,,,,,,,,,,,,,,,,,,,,,,,,,,,,,,,,,,,,,,,,,,,,,,,,
2003,9,True,False,3,Boise State,45,14,12,,,,,,,,,,,,,,,,,,,,,,,,,,,,,,,,,,,,,,,,,,,,,,,,,,,,,,,,,,,,,,
2003,10,False,False,16,Tulsa,35,13,12,,,,,,,,,,,,,,,,,,,,,,,,,,,,,,,,,,,,,,,,,,,,,,,,,,,,,,,,,,,,,,
2003,11,True,False,11,Fresno State,20,14,12,,,,,,,,,,,,,,,,,,,,,,,,,,,,,,,,,,,,,,,,,,,,,,,,,,,,,,,,,,,,,,
2003,12,False,False,6,Louisiana Tech,41,12,12,,,,,,,,,,,,,,,,,,,,,,,,,,,,,,,,,,,,,,,,,,,,,,,,,,,,,,,,,,,,,,
2003,13,True,False,20,Rice,41,12,12,,,,,,,,,,,,,,,,,,,,,,,,,,,,,,,,,,,,,,,,,,,,,,,,,,,,,,,,,,,,,,
2003,15,True,False,13,TCU,20,13,12,,,,,,,,,,,,,,,,,,,,,,,,,,,,,,,,,,,,,,,,,,,,,,,,,,,,,,,,,,,,,,
2004,2,True,False,13,Texas Tech,27,12,11,178.0,1.0,11.0,34.0,27.0,10.0,651.0,319.0,23.0,0.0,1104.0,18.0,5900.0,13026.0,26.0,424.0,426.0,0.0,10.0,293.0,40.0,0.0,250.0,4972.0,8.0,81.0,0.0,63.0,5.0,20.0,7.0,17.0,11397.0,410.0,13.0,1377.0,12.0,186.0,163.0,30.0,0.0,351.0,2464.0,191.0,6.0,197.0,1.0,66.0,0.0,11.0,22.0,3673.0,,,,,,,,,,
2004,3,False,False,0,TCU,44,11,11,168.0,0.0,9.0,21.0,17.0,11.0,365.0,241.0,26.0,0.0,1828.0,8.0,4738.0,12094.0,14.0,201.0,204.0,0.0,8.0,476.0,28.0,1.0,190.0,3085.0,6.0,52.0,0.0,63.0,5.0,20.0,7.0,17.0,11397.0,410.0,13.0,1377.0,12.0,186.0,163.0,30.0,0.0,351.0,2464.0,191.0,6.0,197.0,1.0,66.0,0.0,11.0,22.0,3673.0,,,,,,,,,,
2004,4,False,False,7,Oklahoma State,59,12,11,170.0,2.0,11.0,14.0,18.0,18.0,201.0,225.0,32.0,0.0,2844.0,5.0,4566.0,13933.0,9.0,426.0,104.0,0.0,8.0,594.0,33.0,2.0,167.0,1809.0,4.0,65.0,0.0,63.0,5.0,20.0,7.0,17.0,11397.0,410.0,13.0,1377.0,12.0,186.0,163.0,30.0,0.0,351.0,2464.0,191.0,6.0,197.0,1.0,66.0,0.0,11.0,22.0,3673.0,,,,,,,,,,
2004,5,True,True,36,San José State,13,11,11,151.0,1.0,12.0,15.0,24.0,9.0,263.0,195.0,22.0,0.0,1782.0,9.0,3715.0,11377.0,25.0,203.0,135.0,0.0,10.0,441.0,20.0,1.0,110.0,2154.0,16.0,49.0,0.0,63.0,5.0,20.0,7.0,17.0,11397.0,410.0,13.0,1377.0,12.0,186.0,163.0,30.0,0.0,351.0,2464.0,191.0,6.0,197.0,1.0,66.0,0.0,11.0,22.0,3673.0,,,,,,,,,,
2004,6,False,False,20,Boise State,38,12,11,167.0,2.0,23.0,18.0,25.0,8.0,355.0,313.0,49.0,0.0,2758.0,13.0,5912.0,14216.0,23.0,710.0,221.0,0.0,17.0,596.0,48.0,4.0,455.0,3362.0,10.0,66.0,0.0,63.0,5.0,20.0,7.0,17.0,11397.0,410.0,13.0,1377.0,12.0,186.0,163.0,30.0,0.0,351.0,2464.0,191.0,6.0,197.0,1.0,66.0,0.0,11.0,22.0,3673.0,,,,,,,,,,
2004,7,False,False,10,Rice,44,11,11,167.0,0.0,13.0,5.0,34.0,7.0,136.0,237.0,30.0,0.0,3372.0,11.0,4200.0,13496.0,24.0,191.0,59.0,0.0,15.0,688.0,25.0,1.0,130.0,962.0,13.0,64.0,0.0,63.0,5.0,20.0,7.0,17.0,11397.0,410.0,13.0,1377.0,12.0,186.0,163.0,30.0,0.0,351.0,2464.0,191.0,6.0,197.0,1.0,66.0,0.0,11.0,22.0,3673.0,,,,,,,,,,
2004,8,True,False,10,Louisiana Tech,41,12,11,170.0,1.0,9.0,11.0,13.0,15.0,300.0,219.0,25.0,0.0,2403.0,11.0,4560.0,13027.0,30.0,210.0,154.0,0.0,6.0,490.0,41.0,1.0,164.0,2398.0,19.0,49.0,0.0,63.0,5.0,20.0,7.0,17.0,11397.0,410.0,13.0,1377.0,12.0,186.0,163.0,30.0,0.0,351.0,2464.0,191.0,6.0,197.0,1.0,66.0,0.0,11.0,22.0,3673.0,,,,,,,,,,
2004,10,False,False,0,Fresno State,42,12,11,156.0,1.0,14.0,23.0,9.0,14.0,298.0,246.0,36.0,0.0,2730.0,15.0,4854.0,13101.0,22.0,311.0,175.0,0.0,7.0,506.0,45.0,4.0,437.0,2215.0,7.0,74.0,0.0,63.0,5.0,20.0,7.0,17.0,11397.0,410.0,13.0,1377.0,12.0,186.0,163.0,30.0,0.0,351.0,2464.0,191.0,6.0,197.0,1.0,66.0,0.0,11.0,22.0,3673.0,,,,,,,,,,
2004,11,True,True,41,Tulsa,35,12,11,172.0,1.0,10.0,13.0,18.0,7.0,338.0,240.0,24.0,0.0,2021.0,16.0,4263.0,13131.0,28.0,215.0,184.0,0.0,10.0,513.0,31.0,1.0,90.0,2480.0,12.0,62.0,0.0,63.0,5.0,20.0,7.0,17.0,11397.0,410.0,13.0,1377.0,12.0,186.0,163.0,30.0,0.0,351.0,2464.0,191.0,6.0,197.0,1.0,66.0,0.0,11.0,22.0,3673.0,,,,,,,,,,
2004,12,True,True,38,Nevada,20,12,11,177.0,0.0,15.0,18.0,23.0,14.0,473.0,283.0,26.0,0.0,1849.0,14.0,5025.0,13587.0,27.0,207.0,278.0,0.0,12.0,463.0,25.0,2.0,152.0,3379.0,13.0,68.0,0.0,63.0,5.0,20.0,7.0,17.0,11397.0,410.0,13.0,1377.0,12.0,186.0,163.0,30.0,0.0,351.0,2464.0,191.0,6.0,197.0,1.0,66.0,0.0,11.0,22.0,3673.0,,,,,,,,,,
2004,13,False,False,27,UTEP,57,12,11,165.0,1.0,17.0,29.0,9.0,12.0,393.0,239.0,20.0,0.0,1707.0,19.0,4727.0,12638.0,30.0,335.0,229.0,0.0,5.0,454.0,32.0,2.0,295.0,3140.0,11.0,58.0,0.0,63.0,5.0,20.0,7.0,17.0,11397.0,410.0,13.0,1377.0,12.0,186.0,163.0,30.0,0.0,351.0,2464.0,191.0,6.0,197.0,1.0,66.0,0.0,11.0,22.0,3673.0,,,,,,,,,,
2005,1,True,False,23,Baylor,28,11,11,175.0,1.0,15.0,13.0,12.0,13.0,392.0,200.0,10.0,0.0,1209.0,12.0,3497.0,11897.0,25.0,412.0,222.0,0.0,4.0,385.0,36.0,1.0,105.0,2482.0,13.0,64.0,0.0,228.0,11.0,24.0,5.0,7.0,10442.0,380.0,13.0,1330.0,11.0,193.0,154.0,20.0,0.0,296.0,1987.0,157.0,15.0,161.0,0.0,47.0,0.0,9.0,14.0,3150.0,,,,,,,,,,
2005,2,True,True,21,TCU,10,12,11,192.0,0.0,26.0,15.0,20.0,17.0,378.0,255.0,32.0,0.0,2306.0,11.0,4799.0,13286.0,19.0,325.0,209.0,0.0,9.0,537.0,46.0,0.0,297.0,2629.0,8.0,65.0,0.0,228.0,11.0,24.0,5.0,7.0,10442.0,380.0,13.0,1330.0,11.0,193.0,154.0,20.0,0.0,296.0,1987.0,157.0,15.0,161.0,0.0,47.0,0.0,9.0,14.0,3150.0,,,,,,,,,,
2005,3,False,False,8,Texas A&M,66,11,11,144.0,1.0,12.0,19.0,17.0,16.0,321.0,237.0,23.0,0.0,2584.0,10.0,4865.0,11645.0,22.0,136.0,166.0,0.0,11.0,452.0,20.0,0.0,74.0,2406.0,12.0,45.0,0.0,228.0,11.0,24.0,5.0,7.0,10442.0,380.0,13.0,1330.0,11.0,193.0,154.0,20.0,0.0,296.0,1987.0,157.0,15.0,161.0,0.0,47.0,0.0,9.0,14.0,3150.0,,,,,,,,,,
2005,4,True,False,10,Tulane,31,11,11,174.0,0.0,7.0,20.0,25.0,7.0,423.0,197.0,9.0,0.0,979.0,16.0,3530.0,11577.0,26.0,308.0,218.0,0.0,11.0,341.0,33.0,2.0,134.0,2741.0,10.0,68.0,0.0,228.0,11.0,24.0,5.0,7.0,10442.0,380.0,13.0,1330.0,11.0,193.0,154.0,20.0,0.0,296.0,1987.0,157.0,15.0,161.0,0.0,47.0,0.0,9.0,14.0,3150.0,,,,,,,,,,
2005,5,False,False,13,Marshall,16,11,11,161.0,0.0,9.0,12.0,15.0,11.0,407.0,221.0,13.0,0.0,1360.0,14.0,3616.0,12034.0,31.0,274.0,228.0,0.0,4.0,375.0,41.0,0.0,147.0,2398.0,17.0,57.0,0.0,228.0,11.0,24.0,5.0,7.0,10442.0,380.0,13.0,1330.0,11.0,193.0,154.0,20.0,0.0,296.0,1987.0,157.0,15.0,161.0,0.0,47.0,0.0,9.0,14.0,3150.0,,,,,,,,,,
2005,6,False,True,28,UAB,27,11,11,132.0,0.0,13.0,19.0,13.0,5.0,372.0,224.0,13.0,0.0,1379.0,11.0,4408.0,10856.0,16.0,112.0,234.0,0.0,6.0,319.0,31.0,1.0,72.0,3094.0,5.0,48.0,0.0,228.0,11.0,24.0,5.0,7.0,10442.0,380.0,13.0,1330.0,11.0,193.0,154.0,20.0,0.0,296.0,1987.0,157.0,15.0,161.0,0.0,47.0,0.0,9.0,14.0,3150.0,,,,,,,,,,
2005,7,True,False,17,East Carolina,24,11,11,159.0,0.0,15.0,14.0,12.0,5.0,370.0,216.0,17.0,0.0,1512.0,8.0,4328.0,10527.0,23.0,138.0,224.0,0.0,5.0,394.0,25.0,0.0,160.0,2971.0,15.0,57.0,0.0,228.0,11.0,24.0,5.0,7.0,10442.0,380.0,13.0,1330.0,11.0,193.0,154.0,20.0,0.0,296.0,1987.0,157.0,15.0,161.0,0.0,47.0,0.0,9.0,14.0,3150.0,,,,,,,,,,
2005,8,False,False,13,Tulsa,20,13,11,194.0,1.0,22.0,21.0,7.0,16.0,406.0,264.0,29.0,0.0,2158.0,8.0,5229.0,15098.0,19.0,232.0,255.0,0.0,4.0,491.0,38.0,0.0,171.0,3198.0,11.0,88.0,0.0,228.0,11.0,24.0,5.0,7.0,10442.0,380.0,13.0,1330.0,11.0,193.0,154.0,20.0,0.0,296.0,1987.0,157.0,15.0,161.0,0.0,47.0,0.0,9.0,14.0,3150.0,,,,,,,,,,
2005,10,True,True,27,Rice,7,11,11,168.0,0.0,6.0,9.0,35.0,5.0,210.0,224.0,22.0,0.0,2576.0,12.0,3712.0,12621.0,31.0,120.0,89.0,0.0,18.0,600.0,28.0,1.0,102.0,1276.0,19.0,59.0,0.0,228.0,11.0,24.0,5.0,7.0,10442.0,380.0,13.0,1330.0,11.0,193.0,154.0,20.0,0.0,296.0,1987.0,157.0,15.0,161.0,0.0,47.0,0.0,9.0,14.0,3150.0,,,,,,,,,,
2005,12,False,True,29,Houston,24,12,11,165.0,1.0,10.0,18.0,21.0,13.0,384.0,240.0,21.0,16.0,1874.0,13.0,4359.0,12176.0,25.0,292.0,228.0,164.0,11.0,440.0,26.0,0.0,114.0,3109.0,12.0,63.0,0.0,228.0,11.0,24.0,5.0,7.0,10442.0,380.0,13.0,1330.0,11.0,193.0,154.0,20.0,0.0,296.0,1987.0,157.0,15.0,161.0,0.0,47.0,0.0,9.0,14.0,3150.0,3.0,0.0,58.0,,,,,,,
2005,13,True,True,40,UTEP,27,12,11,153.0,1.0,13.0,27.0,14.0,8.0,406.0,240.0,13.0,11.0,1312.0,17.0,4035.0,11670.0,33.0,155.0,235.0,85.0,8.0,352.0,15.0,2.0,267.0,3435.0,16.0,55.0,0.0,228.0,11.0,24.0,5.0,7.0,10442.0,380.0,13.0,1330.0,11.0,193.0,154.0,20.0,0.0,296.0,1987.0,157.0,15.0,161.0,0.0,47.0,0.0,9.0,14.0,3150.0,3.0,0.0,63.0,,,,,,,
2006,1,False,False,3,Texas Tech,35,13,12,149.0,0.0,11.0,39.0,23.0,13.0,654.0,310.0,13.0,95.0,1020.0,11.0,5347.0,13930.0,29.0,374.0,437.0,833.0,11.0,220.0,45.0,2.0,187.0,4908.0,18.0,55.0,637.0,70.0,14.0,27.0,5.0,10.0,12118.0,404.0,13.0,1503.0,7.0,180.0,155.0,23.0,0.0,316.0,2563.0,203.0,11.0,205.0,1.0,62.0,77.0,27.0,13.0,3834.0,3.0,0.0,41.0,,,,,,,
2006,2,False,False,6,North Texas,24,12,12,159.0,1.0,6.0,9.0,21.0,9.0,253.0,153.0,5.0,76.0,1404.0,19.0,2786.0,12995.0,31.0,140.0,136.0,619.0,14.0,437.0,31.0,0.0,26.0,1554.0,12.0,46.0,637.0,70.0,14.0,27.0,5.0,10.0,12118.0,404.0,13.0,1503.0,7.0,180.0,155.0,23.0,0.0,316.0,2563.0,203.0,11.0,205.0,1.0,62.0,77.0,27.0,13.0,3834.0,,,,,,,,,,
2006,4,True,True,55,Arkansas State,9,12,12,176.0,0.0,19.0,8.0,17.0,9.0,300.0,224.0,12.0,68.0,2012.0,15.0,3747.0,14711.0,33.0,68.0,144.0,594.0,4.0,507.0,21.0,1.0,293.0,1976.0,18.0,76.0,637.0,70.0,14.0,27.0,5.0,10.0,12118.0,404.0,13.0,1503.0,7.0,180.0,155.0,23.0,0.0,316.0,2563.0,203.0,11.0,205.0,1.0,62.0,77.0,27.0,13.0,3834.0,,,,,,,,,,
2006,5,False,True,33,Tulane,28,12,12,173.0,0.0,8.0,18.0,14.0,7.0,440.0,227.0,9.0,72.0,1106.0,12.0,4064.0,12470.0,28.0,169.0,245.0,584.0,4.0,353.0,26.0,1.0,106.0,3178.0,16.0,69.0,637.0,70.0,14.0,27.0,5.0,10.0,12118.0,404.0,13.0,1503.0,7.0,180.0,155.0,23.0,0.0,316.0,2563.0,203.0,11.0,205.0,1.0,62.0,77.0,27.0,13.0,3834.0,,,,,,,,,,
2006,6,False,False,21,UTEP,24,12,12,150.0,0.0,15.0,29.0,13.0,10.0,447.0,212.0,8.0,71.0,691.0,17.0,4445.0,12349.0,26.0,-21.0,290.0,631.0,3.0,288.0,11.0,0.0,112.0,3940.0,9.0,55.0,637.0,70.0,14.0,27.0,5.0,10.0,12118.0,404.0,13.0,1503.0,7.0,180.0,155.0,23.0,0.0,316.0,2563.0,203.0,11.0,205.0,1.0,62.0,77.0,27.0,13.0,3834.0,,,,,,,,,,
2006,7,True,True,31,Marshall,21,12,12,145.0,1.0,11.0,16.0,10.0,12.0,295.0,210.0,23.0,79.0,2005.0,16.0,4252.0,13382.0,33.0,176.0,180.0,673.0,4.0,406.0,26.0,1.0,179.0,2341.0,17.0,65.0,637.0,70.0,14.0,27.0,5.0,10.0,12118.0,404.0,13.0,1503.0,7.0,180.0,155.0,23.0,0.0,316.0,2563.0,203.0,11.0,205.0,1.0,62.0,77.0,27.0,13.0,3834.0,,,,,,,,,,
2006,8,False,False,21,East Carolina,38,13,12,186.0,0.0,16.0,12.0,18.0,12.0,430.0,264.0,16.0,59.0,1502.0,11.0,4526.0,14326.0,24.0,146.0,248.0,511.0,10.0,450.0,27.0,3.0,214.0,3236.0,13.0,80.0,637.0,70.0,14.0,27.0,5.0,10.0,12118.0,404.0,13.0,1503.0,7.0,180.0,155.0,23.0,0.0,316.0,2563.0,203.0,11.0,205.0,1.0,62.0,77.0,27.0,13.0,3834.0,,,,,,,,,,
2006,10,True,True,22,UAB,9,12,12,149.0,0.0,12.0,12.0,18.0,14.0,304.0,211.0,14.0,94.0,1507.0,12.0,3721.0,13713.0,21.0,73.0,177.0,702.0,10.0,432.0,35.0,0.0,100.0,2440.0,9.0,48.0,637.0,70.0,14.0,27.0,5.0,10.0,12118.0,404.0,13.0,1503.0,7.0,180.0,155.0,23.0,0.0,316.0,2563.0,203.0,11.0,205.0,1.0,62.0,77.0,27.0,13.0,3834.0,,,,,,,,,,
2006,11,True,False,27,Houston,37,14,12,175.0,0.0,12.0,30.0,33.0,13.0,445.0,311.0,29.0,92.0,2356.0,5.0,6245.0,15156.0,16.0,160.0,300.0,773.0,19.0,490.0,26.0,0.0,135.0,4107.0,11.0,76.0,637.0,70.0,14.0,27.0,5.0,10.0,12118.0,404.0,13.0,1503.0,7.0,180.0,155.0,23.0,0.0,316.0,2563.0,203.0,11.0,205.0,1.0,62.0,77.0,27.0,13.0,3834.0,,,,,,,,,,
2006,12,True,True,34,Tulsa,24,13,12,161.0,0.0,8.0,16.0,21.0,5.0,365.0,258.0,30.0,65.0,2107.0,9.0,5051.0,15300.0,19.0,206.0,243.0,562.0,13.0,484.0,43.0,1.0,62.0,3026.0,10.0,74.0,637.0,70.0,14.0,27.0,5.0,10.0,12118.0,404.0,13.0,1503.0,7.0,180.0,155.0,23.0,0.0,316.0,2563.0,203.0,11.0,205.0,1.0,62.0,77.0,27.0,13.0,3834.0,,,,,,,,,,
2006,13,False,False,27,Rice,31,13,12,182.0,0.0,11.0,29.0,17.0,21.0,435.0,254.0,15.0,75.0,1703.0,14.0,4486.0,15154.0,22.0,201.0,248.0,557.0,10.0,438.0,32.0,1.0,131.0,3049.0,8.0,68.0,637.0,70.0,14.0,27.0,5.0,10.0,12118.0,404.0,13.0,1503.0,7.0,180.0,155.0,23.0,0.0,316.0,2563.0,203.0,11.0,205.0,1.0,62.0,77.0,27.0,13.0,3834.0,,,,,,,,,,
2007,1,True,False,9,Texas Tech,49,13,12,156.0,0.0,10.0,47.0,30.0,12.0,699.0,325.0,16.0,96.0,694.0,14.0,6324.0,12357.0,23.0,453.0,496.0,876.0,18.0,225.0,42.0,0.0,48.0,5762.0,9.0,71.0,818.0,202.0,10.0,30.0,6.0,19.0,12871.0,469.0,16.0,2056.0,15.0,216.0,181.0,35.0,0.0,432.0,3230.0,250.0,12.0,281.0,2.0,77.0,91.0,26.0,16.0,5081.0,,,,,,,,,,
2007,2,True,True,45,North Texas,31,12,12,189.0,1.0,10.0,21.0,31.0,14.0,553.0,258.0,16.0,99.0,1425.0,28.0,4901.0,13626.0,36.0,169.0,330.0,793.0,12.0,381.0,33.0,2.0,119.0,3758.0,8.0,67.0,818.0,202.0,10.0,30.0,6.0,19.0,12871.0,469.0,16.0,2056.0,15.0,216.0,181.0,35.0,0.0,432.0,3230.0,250.0,12.0,281.0,2.0,77.0,91.0,26.0,16.0,5081.0,,,,,,,,,,
2007,3,False,False,28,Arkansas State,45,12,12,171.0,1.0,13.0,16.0,24.0,9.0,388.0,241.0,16.0,84.0,2112.0,16.0,4558.0,12835.0,25.0,287.0,205.0,721.0,11.0,460.0,26.0,2.0,255.0,2694.0,9.0,62.0,818.0,202.0,10.0,30.0,6.0,19.0,12871.0,469.0,16.0,2056.0,15.0,216.0,181.0,35.0,0.0,432.0,3230.0,250.0,12.0,281.0,2.0,77.0,91.0,26.0,16.0,5081.0,,,,,,,,,,
2007,4,False,False,7,TCU,21,13,12,211.0,2.0,16.0,13.0,26.0,5.0,443.0,288.0,21.0,85.0,2145.0,12.0,5026.0,14423.0,31.0,629.0,259.0,738.0,12.0,574.0,74.0,2.0,313.0,3066.0,19.0,82.0,818.0,202.0,10.0,30.0,6.0,19.0,12871.0,469.0,16.0,2056.0,15.0,216.0,181.0,35.0,0.0,432.0,3230.0,250.0,12.0,281.0,2.0,77.0,91.0,26.0,16.0,5081.0,,,,,,,,,,
2007,5,True,False,45,UTEP,48,12,12,156.0,0.0,15.0,26.0,21.0,10.0,412.0,236.0,18.0,77.0,1557.0,9.0,4643.0,11332.0,19.0,299.0,228.0,707.0,7.0,370.0,25.0,2.0,358.0,3346.0,10.0,59.0,818.0,202.0,10.0,30.0,6.0,19.0,12871.0,469.0,16.0,2056.0,15.0,216.0,181.0,35.0,0.0,432.0,3230.0,250.0,12.0,281.0,2.0,77.0,91.0,26.0,16.0,5081.0,,,,,,,,,,
2007,7,False,False,7,Southern Miss,28,13,12,198.0,0.0,17.0,14.0,22.0,13.0,380.0,274.0,30.0,70.0,2621.0,16.0,5066.0,14166.0,31.0,159.0,217.0,687.0,11.0,566.0,43.0,1.0,199.0,2602.0,15.0,89.0,818.0,202.0,10.0,30.0,6.0,19.0,12871.0,469.0,16.0,2056.0,15.0,216.0,181.0,35.0,0.0,432.0,3230.0,250.0,12.0,281.0,2.0,77.0,91.0,26.0,16.0,5081.0,,,,,,,,,,
2007,8,True,False,34,Tulane,41,12,12,191.0,0.0,8.0,10.0,14.0,12.0,360.0,223.0,26.0,72.0,2412.0,12.0,4751.0,13184.0,23.0,79.0,184.0,623.0,9.0,489.0,33.0,0.0,23.0,2457.0,11.0,78.0,818.0,202.0,10.0,30.0,6.0,19.0,12871.0,469.0,16.0,2056.0,15.0,216.0,181.0,35.0,0.0,432.0,3230.0,250.0,12.0,281.0,2.0,77.0,91.0,26.0,16.0,5081.0,,,,,,,,,,
2007,9,False,False,23,Tulsa,29,14,12,205.0,0.0,11.0,49.0,23.0,14.0,564.0,377.0,28.0,86.0,2421.0,19.0,7615.0,14613.0,30.0,123.0,336.0,775.0,10.0,562.0,32.0,1.0,106.0,5411.0,11.0,99.0,818.0,202.0,10.0,30.0,6.0,19.0,12871.0,469.0,16.0,2056.0,15.0,216.0,181.0,35.0,0.0,432.0,3230.0,250.0,12.0,281.0,2.0,77.0,91.0,26.0,16.0,5081.0,,,,,,,,,,
2007,10,False,False,28,Houston,38,13,12,198.0,0.0,14.0,24.0,25.0,11.0,437.0,333.0,32.0,101.0,2911.0,15.0,6525.0,15287.0,31.0,246.0,291.0,826.0,13.0,599.0,43.0,1.0,207.0,3830.0,16.0,91.0,818.0,202.0,10.0,30.0,6.0,19.0,12871.0,469.0,16.0,2056.0,15.0,216.0,181.0,35.0,0.0,432.0,3230.0,250.0,12.0,281.0,2.0,77.0,91.0,26.0,16.0,5081.0,,,,,,,,,,
2007,11,True,False,42,Rice,43,12,12,160.0,0.0,12.0,29.0,17.0,14.0,498.0,260.0,18.0,63.0,1214.0,14.0,4630.0,11785.0,26.0,113.0,300.0,499.0,8.0,344.0,25.0,2.0,233.0,3645.0,12.0,63.0,818.0,202.0,10.0,30.0,6.0,19.0,12871.0,469.0,16.0,2056.0,15.0,216.0,181.0,35.0,0.0,432.0,3230.0,250.0,12.0,281.0,2.0,77.0,91.0,26.0,16.0,5081.0,,,,,,,,,,
2007,12,True,False,20,UCF,49,14,12,200.0,2.0,24.0,15.0,18.0,4.0,346.0,292.0,41.0,74.0,3287.0,12.0,5763.0,15785.0,27.0,388.0,198.0,665.0,11.0,670.0,48.0,2.0,392.0,2630.0,15.0,78.0,818.0,202.0,10.0,30.0,6.0,19.0,12871.0,469.0,16.0,2056.0,15.0,216.0,181.0,35.0,0.0,432.0,3230.0,250.0,12.0,281.0,2.0,77.0,91.0,26.0,16.0,5081.0,,,,,,,,,,
2007,13,False,False,52,Memphis,55,13,12,216.0,0.0,13.0,33.0,24.0,13.0,551.0,308.0,13.0,86.0,1792.0,12.0,5767.0,14673.0,16.0,131.0,323.0,713.0,16.0,466.0,21.0,0.0,89.0,4050.0,4.0,94.0,818.0,202.0,10.0,30.0,6.0,19.0,12871.0,469.0,16.0,2056.0,15.0,216.0,181.0,35.0,0.0,432.0,3230.0,250.0,12.0,281.0,2.0,77.0,91.0,26.0,16.0,5081.0,,,,,,,,,,
2008,1,False,False,27,Rice,56,13,12,180.0,0.0,16.0,48.0,17.0,16.0,516.0,338.0,21.0,64.0,1868.0,7.0,6122.0,14634.0,17.0,155.0,339.0,552.0,8.0,449.0,35.0,4.0,278.0,4489.0,10.0,92.0,570.0,83.0,12.0,21.0,4.0,25.0,11446.0,217.0,8.0,497.0,3.0,101.0,139.0,33.0,0.0,476.0,3463.0,269.0,8.0,205.0,0.0,48.0,73.0,29.0,9.0,3772.0,,,,,,,,,,
2008,3,False,False,7,Texas Tech,43,13,12,169.0,1.0,18.0,47.0,26.0,12.0,662.0,359.0,28.0,95.0,1532.0,10.0,6903.0,14505.0,25.0,283.0,465.0,783.0,17.0,317.0,28.0,3.0,179.0,5495.0,15.0,92.0,570.0,83.0,12.0,21.0,4.0,25.0,11446.0,217.0,8.0,497.0,3.0,101.0,139.0,33.0,0.0,476.0,3463.0,269.0,8.0,205.0,0.0,48.0,73.0,29.0,9.0,3772.0,,,,,,,,,,
2008,4,True,False,7,TCU,48,13,12,217.0,0.0,15.0,14.0,18.0,21.0,371.0,305.0,39.0,114.0,2863.0,8.0,5477.0,16062.0,15.0,417.0,217.0,937.0,10.0,642.0,62.0,2.0,156.0,2755.0,7.0,111.0,570.0,83.0,12.0,21.0,4.0,25.0,11446.0,217.0,8.0,497.0,3.0,101.0,139.0,33.0,0.0,476.0,3463.0,269.0,8.0,205.0,0.0,48.0,73.0,29.0,9.0,3772.0,,,,,,,,,,
2008,5,False,False,27,Tulane,34,12,12,176.0,0.0,9.0,10.0,26.0,9.0,409.0,217.0,14.0,72.0,1421.0,15.0,4076.0,13775.0,24.0,117.0,228.0,604.0,10.0,399.0,26.0,1.0,179.0,2783.0,9.0,71.0,570.0,83.0,12.0,21.0,4.0,25.0,11446.0,217.0,8.0,497.0,3.0,101.0,139.0,33.0,0.0,476.0,3463.0,269.0,8.0,205.0,0.0,48.0,73.0,29.0,9.0,3772.0,,,,,,,,,,
2008,6,False,False,17,UCF,31,12,12,188.0,0.0,18.0,12.0,18.0,8.0,308.0,155.0,8.0,66.0,1359.0,11.0,2754.0,12323.0,27.0,392.0,132.0,607.0,9.0,453.0,35.0,1.0,311.0,1652.0,16.0,55.0,570.0,83.0,12.0,21.0,4.0,25.0,11446.0,217.0,8.0,497.0,3.0,101.0,139.0,33.0,0.0,476.0,3463.0,269.0,8.0,205.0,0.0,48.0,73.0,29.0,9.0,3772.0,,,,,,,,,,
2008,7,True,False,31,Tulsa,37,14,12,193.0,1.0,9.0,47.0,21.0,20.0,423.0,391.0,40.0,61.0,3752.0,21.0,7978.0,14985.0,31.0,202.0,270.0,518.0,9.0,674.0,45.0,1.0,70.0,4338.0,10.0,110.0,570.0,83.0,12.0,21.0,4.0,25.0,11446.0,217.0,8.0,497.0,3.0,101.0,139.0,33.0,0.0,476.0,3463.0,269.0,8.0,205.0,0.0,48.0,73.0,29.0,9.0,3772.0,,,,,,,,,,
2008,8,True,False,38,Houston,44,13,12,182.0,0.0,13.0,45.0,20.0,12.0,610.0,355.0,23.0,81.0,2095.0,12.0,7316.0,12959.0,30.0,163.0,411.0,736.0,10.0,406.0,30.0,2.0,318.0,5410.0,18.0,93.0,570.0,83.0,12.0,21.0,4.0,25.0,11446.0,217.0,8.0,497.0,3.0,101.0,139.0,33.0,0.0,476.0,3463.0,269.0,8.0,205.0,0.0,48.0,73.0,29.0,9.0,3772.0,,,,,,,,,,
2008,9,False,False,7,Navy,34,13,12,179.0,2.0,16.0,6.0,23.0,15.0,93.0,224.0,32.0,40.0,3801.0,5.0,4593.0,14778.0,16.0,126.0,46.0,338.0,14.0,715.0,22.0,1.0,245.0,843.0,11.0,85.0,570.0,83.0,12.0,21.0,4.0,25.0,11446.0,217.0,8.0,497.0,3.0,101.0,139.0,33.0,0.0,476.0,3463.0,269.0,8.0,205.0,0.0,48.0,73.0,29.0,9.0,3772.0,,,,,,,,,,
2008,11,True,False,26,Memphis,31,13,12,196.0,0.0,7.0,20.0,19.0,11.0,437.0,309.0,25.0,59.0,2533.0,12.0,5424.0,15517.0,18.0,221.0,247.0,519.0,10.0,540.0,39.0,0.0,56.0,2979.0,6.0,91.0,570.0,83.0,12.0,21.0,4.0,25.0,11446.0,217.0,8.0,497.0,3.0,101.0,139.0,33.0,0.0,476.0,3463.0,269.0,8.0,205.0,0.0,48.0,73.0,29.0,9.0,3772.0,,,,,,,,,,
2008,12,False,False,10,UTEP,36,12,12,168.0,0.0,12.0,34.0,15.0,16.0,448.0,246.0,9.0,73.0,1468.0,9.0,4878.0,13513.0,15.0,88.0,258.0,682.0,4.0,371.0,19.0,1.0,85.0,3644.0,6.0,70.0,570.0,83.0,12.0,21.0,4.0,25.0,11446.0,217.0,8.0,497.0,3.0,101.0,139.0,33.0,0.0,476.0,3463.0,269.0,8.0,205.0,0.0,48.0,73.0,29.0,9.0,3772.0,,,,,,,,,,
2008,14,True,False,12,Southern Miss,28,13,12,209.0,0.0,17.0,23.0,26.0,12.0,457.0,287.0,29.0,98.0,2502.0,9.0,5636.0,14441.0,16.0,192.0,262.0,957.0,18.0,531.0,39.0,0.0,98.0,3320.0,7.0,92.0,570.0,83.0,12.0,21.0,4.0,25.0,11446.0,217.0,8.0,497.0,3.0,101.0,139.0,33.0,0.0,476.0,3463.0,269.0,8.0,205.0,0.0,48.0,73.0,29.0,9.0,3772.0,,,,,,,,,,
2009,2,False,True,35,UAB,33,12,13,141.0,0.0,11.0,22.0,10.0,12.0,291.0,229.0,17.0,89.0,2759.0,8.0,5111.0,12759.0,13.0,59.0,169.0,773.0,0.0,463.0,19.0,2.0,244.0,2496.0,5.0,52.0,766.0,166.0,11.0,40.0,5.0,14.0,15074.0,378.0,12.0,1427.0,23.0,275.0,161.0,26.0,1.0,472.0,3879.0,286.0,17.0,255.0,1.0,50.0,94.0,22.0,11.0,5093.0,52.0,0.0,1078.0,0.0,55.0,1206.0,,,,
2009,3,False,False,27,Washington State,30,12,13,168.0,0.0,10.0,11.0,15.0,14.0,372.0,159.0,5.0,80.0,848.0,16.0,2983.0,11448.0,31.0,62.0,195.0,681.0,7.0,354.0,19.0,2.0,209.0,2453.0,15.0,40.0,766.0,166.0,11.0,40.0,5.0,14.0,15074.0,378.0,12.0,1427.0,23.0,275.0,161.0,26.0,1.0,472.0,3879.0,286.0,17.0,255.0,1.0,50.0,94.0,22.0,11.0,5093.0,63.0,0.0,1168.0,0.0,55.0,1206.0,,,,
2009,5,False,False,14,TCU,39,13,13,158.0,2.0,14.0,24.0,10.0,11.0,326.0,310.0,35.0,72.0,3114.0,8.0,5937.0,14983.0,23.0,619.0,202.0,679.0,4.0,595.0,71.0,3.0,140.0,2899.0,15.0,65.0,766.0,166.0,11.0,40.0,5.0,14.0,15074.0,378.0,12.0,1427.0,23.0,275.0,161.0,26.0,1.0,472.0,3879.0,286.0,17.0,255.0,1.0,50.0,94.0,22.0,11.0,5093.0,34.0,1.0,965.0,0.0,55.0,1206.0,,,,
2009,6,True,True,28,East Carolina,21,14,13,209.0,0.0,17.0,15.0,13.0,17.0,452.0,277.0,24.0,101.0,2129.0,12.0,5172.0,16103.0,23.0,204.0,265.0,806.0,7.0,529.0,35.0,2.0,283.0,3135.0,11.0,91.0,766.0,166.0,11.0,40.0,5.0,14.0,15074.0,378.0,12.0,1427.0,23.0,275.0,161.0,26.0,1.0,472.0,3879.0,286.0,17.0,255.0,1.0,50.0,94.0,22.0,11.0,5093.0,56.0,3.0,1308.0,0.0,55.0,1206.0,,,,
2009,7,True,False,35,Navy,38,14,13,196.0,1.0,13.0,6.0,28.0,10.0,110.0,267.0,44.0,48.0,3933.0,4.0,4991.0,17373.0,14.0,109.0,58.0,415.0,19.0,820.0,32.0,0.0,203.0,1175.0,10.0,91.0,766.0,166.0,11.0,40.0,5.0,14.0,15074.0,378.0,12.0,1427.0,23.0,275.0,161.0,26.0,1.0,472.0,3879.0,286.0,17.0,255.0,1.0,50.0,94.0,22.0,11.0,5093.0,46.0,0.0,851.0,0.0,55.0,1206.0,,,,
2009,8,False,False,15,Houston,38,14,13,191.0,0.0,11.0,47.0,20.0,18.0,747.0,424.0,23.0,63.0,1815.0,15.0,7887.0,13791.0,26.0,141.0,525.0,571.0,14.0,403.0,27.0,2.0,170.0,6208.0,11.0,98.0,766.0,166.0,11.0,40.0,5.0,14.0,15074.0,378.0,12.0,1427.0,23.0,275.0,161.0,26.0,1.0,472.0,3879.0,286.0,17.0,255.0,1.0,50.0,94.0,22.0,11.0,5093.0,68.0,5.0,1555.0,0.0,55.0,1206.0,,,,
2009,9,False,True,27,Tulsa,13,12,13,175.0,1.0,9.0,25.0,16.0,12.0,389.0,248.0,19.0,58.0,1809.0,10.0,4921.0,12687.0,22.0,282.0,228.0,582.0,3.0,480.0,25.0,0.0,121.0,3395.0,12.0,68.0,766.0,166.0,11.0,40.0,5.0,14.0,15074.0,378.0,12.0,1427.0,23.0,275.0,161.0,26.0,1.0,472.0,3879.0,286.0,17.0,255.0,1.0,50.0,94.0,22.0,11.0,5093.0,63.0,0.0,1424.0,0.0,55.0,1206.0,,,,
2009,10,True,True,31,Rice,28,12,13,181.0,0.0,6.0,14.0,22.0,12.0,452.0,216.0,14.0,69.0,1311.0,17.0,3655.0,12899.0,27.0,210.0,248.0,523.0,11.0,407.0,25.0,0.0,37.0,2560.0,10.0,56.0,766.0,166.0,11.0,40.0,5.0,14.0,15074.0,378.0,12.0,1427.0,23.0,275.0,161.0,26.0,1.0,472.0,3879.0,286.0,17.0,255.0,1.0,50.0,94.0,22.0,11.0,5093.0,77.0,0.0,1653.0,0.0,55.0,1206.0,,,,
2009,11,True,True,35,UTEP,31,12,13,158.0,0.0,11.0,17.0,15.0,7.0,422.0,262.0,27.0,91.0,1813.0,13.0,5144.0,12597.0,21.0,110.0,229.0,842.0,8.0,401.0,21.0,1.0,198.0,3522.0,8.0,65.0,766.0,166.0,11.0,40.0,5.0,14.0,15074.0,378.0,12.0,1427.0,23.0,275.0,161.0,26.0,1.0,472.0,3879.0,286.0,17.0,255.0,1.0,50.0,94.0,22.0,11.0,5093.0,61.0,0.0,1274.0,0.0,55.0,1206.0,,,,
2009,12,False,False,31,Marshall,34,13,13,191.0,1.0,9.0,14.0,11.0,9.0,404.0,244.0,18.0,94.0,1855.0,13.0,4538.0,16126.0,22.0,312.0,233.0,885.0,3.0,471.0,33.0,0.0,106.0,2846.0,9.0,81.0,766.0,166.0,11.0,40.0,5.0,14.0,15074.0,378.0,12.0,1427.0,23.0,275.0,161.0,26.0,1.0,472.0,3879.0,286.0,17.0,255.0,1.0,50.0,94.0,22.0,11.0,5093.0,49.0,0.0,957.0,0.0,55.0,1206.0,,,,
2009,13,True,True,26,Tulane,21,12,13,167.0,0.0,5.0,13.0,18.0,5.0,373.0,207.0,10.0,59.0,1264.0,14.0,3750.0,13060.0,26.0,52.0,234.0,497.0,7.0,395.0,19.0,0.0,54.0,2686.0,12.0,73.0,766.0,166.0,11.0,40.0,5.0,14.0,15074.0,378.0,12.0,1427.0,23.0,275.0,161.0,26.0,1.0,472.0,3879.0,286.0,17.0,255.0,1.0,50.0,94.0,22.0,11.0,5093.0,76.0,1.0,1486.0,0.0,55.0,1206.0,,,,
2010,1,False,False,27,Texas Tech,35,13,14,210.0,0.0,15.0,39.0,25.0,8.0,617.0,323.0,17.0,77.0,1837.0,11.0,5983.0,13617.0,27.0,119.0,406.0,776.0,11.0,437.0,34.0,1.0,250.0,4335.0,16.0,93.0,706.0,99.0,5.0,42.0,14.0,14.0,16554.0,404.0,13.0,1943.0,14.0,136.0,182.0,27.0,0.0,516.0,4044.0,304.0,10.0,290.0,1.0,80.0,75.0,31.0,22.0,5804.0,60.0,0.0,1319.0,0.0,57.0,1238.0,,,,
2010,2,True,True,28,UAB,7,12,14,186.0,0.0,9.0,28.0,28.0,9.0,465.0,256.0,14.0,63.0,1870.0,14.0,5074.0,12987.0,24.0,83.0,254.0,610.0,13.0,417.0,39.0,0.0,184.0,3284.0,10.0,78.0,706.0,99.0,5.0,42.0,14.0,14.0,16554.0,404.0,13.0,1943.0,14.0,136.0,182.0,27.0,0.0,516.0,4044.0,304.0,10.0,290.0,1.0,80.0,75.0,31.0,22.0,5804.0,65.0,0.0,1339.0,0.0,57.0,1238.0,,,,
2010,3,True,True,35,Washington State,21,12,14,179.0,0.0,11.0,19.0,21.0,11.0,384.0,211.0,11.0,76.0,1092.0,12.0,3962.0,13042.0,23.0,113.0,227.0,714.0,7.0,417.0,29.0,0.0,92.0,3147.0,11.0,70.0,706.0,99.0,5.0,42.0,14.0,14.0,16554.0,404.0,13.0,1943.0,14.0,136.0,182.0,27.0,0.0,516.0,4044.0,304.0,10.0,290.0,1.0,80.0,75.0,31.0,22.0,5804.0,46.0,0.0,983.0,0.0,57.0,1238.0,,,,
2010,4,True,False,24,TCU,41,13,14,159.0,0.0,12.0,29.0,13.0,10.0,331.0,326.0,41.0,68.0,3216.0,6.0,6199.0,15849.0,13.0,533.0,218.0,542.0,9.0,600.0,63.0,3.0,164.0,3047.0,7.0,85.0,706.0,99.0,5.0,42.0,14.0,14.0,16554.0,404.0,13.0,1943.0,14.0,136.0,182.0,27.0,0.0,516.0,4044.0,304.0,10.0,290.0,1.0,80.0,75.0,31.0,22.0,5804.0,31.0,0.0,803.0,0.0,57.0,1238.0,,,,
2010,5,False,True,42,Rice,31,12,14,185.0,0.0,6.0,20.0,18.0,8.0,360.0,237.0,24.0,62.0,1913.0,12.0,4504.0,13625.0,21.0,208.0,218.0,529.0,13.0,494.0,28.0,0.0,53.0,2820.0,9.0,84.0,706.0,99.0,5.0,42.0,14.0,14.0,16554.0,404.0,13.0,1943.0,14.0,136.0,182.0,27.0,0.0,516.0,4044.0,304.0,10.0,290.0,1.0,80.0,75.0,31.0,22.0,5804.0,78.0,0.0,1723.0,0.0,57.0,1238.0,,,,
2010,6,True,True,21,Tulsa,18,13,14,181.0,1.0,24.0,32.0,13.0,13.0,469.0,332.0,32.0,57.0,2820.0,11.0,6573.0,14514.0,19.0,296.0,280.0,544.0,7.0,537.0,29.0,4.0,444.0,3917.0,8.0,87.0,706.0,99.0,5.0,42.0,14.0,14.0,16554.0,404.0,13.0,1943.0,14.0,136.0,182.0,27.0,0.0,516.0,4044.0,304.0,10.0,290.0,1.0,80.0,75.0,31.0,22.0,5804.0,50.0,1.0,1097.0,0.0,57.0,1238.0,,,,
2010,7,False,False,21,Navy,28,13,14,170.0,0.0,7.0,13.0,20.0,16.0,157.0,265.0,37.0,44.0,3702.0,6.0,5262.0,14973.0,16.0,70.0,84.0,359.0,13.0,692.0,21.0,0.0,66.0,1626.0,10.0,88.0,706.0,99.0,5.0,42.0,14.0,14.0,16554.0,404.0,13.0,1943.0,14.0,136.0,182.0,27.0,0.0,516.0,4044.0,304.0,10.0,290.0,1.0,80.0,75.0,31.0,22.0,5804.0,50.0,0.0,1123.0,0.0,57.0,1238.0,,,,
2010,8,True,False,20,Houston,45,12,14,163.0,1.0,13.0,34.0,21.0,9.0,484.0,307.0,20.0,60.0,1839.0,20.0,5766.0,11813.0,27.0,231.0,298.0,481.0,12.0,410.0,30.0,2.0,245.0,4008.0,7.0,79.0,706.0,99.0,5.0,42.0,14.0,14.0,16554.0,404.0,13.0,1943.0,14.0,136.0,182.0,27.0,0.0,516.0,4044.0,304.0,10.0,290.0,1.0,80.0,75.0,31.0,22.0,5804.0,60.0,1.0,1331.0,0.0,57.0,1238.0,,,,
2010,9,False,True,31,Tulane,17,12,14,183.0,0.0,10.0,19.0,15.0,13.0,465.0,256.0,17.0,61.0,1530.0,12.0,4479.0,14158.0,25.0,97.0,268.0,438.0,7.0,434.0,38.0,0.0,102.0,3144.0,13.0,71.0,706.0,99.0,5.0,42.0,14.0,14.0,16554.0,404.0,13.0,1943.0,14.0,136.0,182.0,27.0,0.0,516.0,4044.0,304.0,10.0,290.0,1.0,80.0,75.0,31.0,22.0,5804.0,71.0,0.0,1309.0,0.0,57.0,1238.0,,,,
2010,10,False,False,14,UTEP,28,13,14,178.0,0.0,11.0,23.0,15.0,5.0,432.0,262.0,18.0,77.0,1782.0,14.0,4685.0,13935.0,21.0,321.0,228.0,668.0,6.0,412.0,30.0,0.0,203.0,3064.0,7.0,84.0,706.0,99.0,5.0,42.0,14.0,14.0,16554.0,404.0,13.0,1943.0,14.0,136.0,182.0,27.0,0.0,516.0,4044.0,304.0,10.0,290.0,1.0,80.0,75.0,31.0,22.0,5804.0,62.0,2.0,1538.0,0.0,57.0,1238.0,,,,
2010,12,True,True,31,Marshall,17,12,14,178.0,1.0,11.0,22.0,13.0,6.0,421.0,197.0,7.0,79.0,1166.0,15.0,3771.0,12404.0,23.0,146.0,235.0,646.0,4.0,345.0,32.0,1.0,180.0,2680.0,8.0,66.0,706.0,99.0,5.0,42.0,14.0,14.0,16554.0,404.0,13.0,1943.0,14.0,136.0,182.0,27.0,0.0,516.0,4044.0,304.0,10.0,290.0,1.0,80.0,75.0,31.0,22.0,5804.0,59.0,1.0,1286.0,0.0,57.0,1238.0,,,,
2010,13,False,True,45,East Carolina,38,13,14,181.0,0.0,11.0,39.0,28.0,10.0,632.0,307.0,21.0,103.0,1546.0,16.0,5689.0,13184.0,30.0,227.0,408.0,879.0,21.0,358.0,28.0,1.0,120.0,4272.0,14.0,78.0,706.0,99.0,5.0,42.0,14.0,14.0,16554.0,404.0,13.0,1943.0,14.0,136.0,182.0,27.0,0.0,516.0,4044.0,304.0,10.0,290.0,1.0,80.0,75.0,31.0,22.0,5804.0,84.0,1.0,1653.0,0.0,57.0,1238.0,,,,
2010,14,False,False,7,UCF,17,14,14,177.0,0.0,17.0,16.0,15.0,7.0,296.0,290.0,36.0,71.0,2626.0,11.0,5236.0,17456.0,18.0,394.0,191.0,566.0,10.0,602.0,47.0,5.0,351.0,2728.0,7.0,90.0,706.0,99.0,5.0,42.0,14.0,14.0,16554.0,404.0,13.0,1943.0,14.0,136.0,182.0,27.0,0.0,516.0,4044.0,304.0,10.0,290.0,1.0,80.0,75.0,31.0,22.0,5804.0,44.0,2.0,1250.0,0.0,57.0,1238.0,,,,
2011,1,False,False,14,Texas A&M,46,13,13,191.0,1.0,7.0,29.0,10.0,8.0,537.0,345.0,29.0,91.0,2589.0,15.0,6373.0,14183.0,24.0,435.0,331.0,855.0,2.0,507.0,53.0,0.0,216.0,3825.0,9.0,88.0,657.0,32.0,9.0,40.0,6.0,19.0,14860.0,355.0,15.0,1479.0,25.0,217.0,168.0,34.0,1.0,476.0,3745.0,281.0,6.0,246.0,0.0,68.0,80.0,17.0,17.0,5052.0,42.0,0.0,909.0,0.0,39.0,779.0,,,,
2011,2,True,True,28,UTEP,17,12,13,162.0,1.0,12.0,14.0,22.0,7.0,399.0,237.0,24.0,55.0,1859.0,17.0,4566.0,13486.0,29.0,220.0,225.0,460.0,14.0,410.0,34.0,1.0,169.0,2956.0,12.0,63.0,657.0,32.0,9.0,40.0,6.0,19.0,14860.0,355.0,15.0,1479.0,25.0,217.0,168.0,34.0,1.0,476.0,3745.0,281.0,6.0,246.0,0.0,68.0,80.0,17.0,17.0,5052.0,50.0,0.0,1291.0,0.0,39.0,779.0,,,,
2011,4,False,True,42,Memphis,0,12,13,184.0,0.0,12.0,10.0,11.0,17.0,408.0,182.0,10.0,57.0,1008.0,8.0,3291.0,12601.0,18.0,93.0,224.0,523.0,4.0,378.0,23.0,1.0,161.0,2437.0,10.0,57.0,657.0,32.0,9.0,40.0,6.0,19.0,14860.0,355.0,15.0,1479.0,25.0,217.0,168.0,34.0,1.0,476.0,3745.0,281.0,6.0,246.0,0.0,68.0,80.0,17.0,17.0,5052.0,66.0,0.0,1207.0,0.0,39.0,779.0,,,,
2011,5,False,True,40,TCU,33,13,13,169.0,1.0,10.0,25.0,11.0,13.0,350.0,281.0,38.0,72.0,2712.0,7.0,5723.0,15416.0,21.0,339.0,231.0,685.0,9.0,532.0,41.0,3.0,202.0,3125.0,14.0,88.0,657.0,32.0,9.0,40.0,6.0,19.0,14860.0,355.0,15.0,1479.0,25.0,217.0,168.0,34.0,1.0,476.0,3745.0,281.0,6.0,246.0,0.0,68.0,80.0,17.0,17.0,5052.0,49.0,3.0,1355.0,0.0,39.0,779.0,,,,
2011,7,True,True,38,UCF,17,12,13,158.0,0.0,9.0,11.0,21.0,5.0,346.0,252.0,27.0,68.0,2025.0,8.0,4881.0,15212.0,18.0,201.0,235.0,587.0,10.0,466.0,37.0,1.0,117.0,3010.0,10.0,70.0,657.0,32.0,9.0,40.0,6.0,19.0,14860.0,355.0,15.0,1479.0,25.0,217.0,168.0,34.0,1.0,476.0,3745.0,281.0,6.0,246.0,0.0,68.0,80.0,17.0,17.0,5052.0,42.0,1.0,1131.0,0.0,39.0,779.0,,,,
2011,8,False,False,3,Southern Miss,27,14,13,213.0,4.0,19.0,32.0,18.0,8.0,489.0,327.0,17.0,108.0,2872.0,12.0,6459.0,15059.0,32.0,448.0,292.0,879.0,11.0,553.0,58.0,8.0,519.0,3715.0,20.0,89.0,657.0,32.0,9.0,40.0,6.0,19.0,14860.0,355.0,15.0,1479.0,25.0,217.0,168.0,34.0,1.0,476.0,3745.0,281.0,6.0,246.0,0.0,68.0,80.0,17.0,17.0,5052.0,52.0,0.0,1174.0,0.0,39.0,779.0,,,,
2011,9,False,False,7,Tulsa,38,13,13,180.0,0.0,18.0,31.0,14.0,11.0,421.0,287.0,20.0,52.0,2492.0,17.0,5725.0,13284.0,34.0,82.0,256.0,466.0,6.0,521.0,36.0,3.0,347.0,3359.0,17.0,75.0,657.0,32.0,9.0,40.0,6.0,19.0,14860.0,355.0,15.0,1479.0,25.0,217.0,168.0,34.0,1.0,476.0,3745.0,281.0,6.0,246.0,0.0,68.0,80.0,17.0,17.0,5052.0,51.0,1.0,1115.0,0.0,39.0,779.0,,,,
2011,10,True,True,45,Tulane,24,13,13,200.0,0.0,12.0,13.0,21.0,7.0,461.0,228.0,17.0,72.0,1642.0,15.0,4424.0,14861.0,26.0,205.0,248.0,642.0,10.0,429.0,38.0,3.0,214.0,2924.0,11.0,75.0,657.0,32.0,9.0,40.0,6.0,19.0,14860.0,355.0,15.0,1479.0,25.0,217.0,168.0,34.0,1.0,476.0,3745.0,281.0,6.0,246.0,0.0,68.0,80.0,17.0,17.0,5052.0,83.0,0.0,1667.0,0.0,39.0,779.0,,,,
2011,11,True,False,17,Navy,24,12,13,171.0,0.0,10.0,10.0,30.0,13.0,135.0,255.0,34.0,28.0,3747.0,6.0,4776.0,14663.0,15.0,97.0,65.0,240.0,15.0,694.0,18.0,2.0,152.0,1122.0,9.0,81.0,657.0,32.0,9.0,40.0,6.0,19.0,14860.0,355.0,15.0,1479.0,25.0,217.0,168.0,34.0,1.0,476.0,3745.0,281.0,6.0,246.0,0.0,68.0,80.0,17.0,17.0,5052.0,54.0,1.0,1091.0,0.0,39.0,779.0,,,,
2011,12,False,False,7,Houston,37,14,13,203.0,2.0,21.0,54.0,26.0,11.0,682.0,393.0,33.0,85.0,2086.0,6.0,8387.0,13688.0,15.0,317.0,479.0,699.0,14.0,420.0,46.0,2.0,238.0,6469.0,9.0,103.0,657.0,32.0,9.0,40.0,6.0,19.0,14860.0,355.0,15.0,1479.0,25.0,217.0,168.0,34.0,1.0,476.0,3745.0,281.0,6.0,246.0,0.0,68.0,80.0,17.0,17.0,5052.0,43.0,1.0,906.0,0.0,39.0,779.0,,,,
2011,13,True,True,27,Rice,24,12,13,192.0,0.0,13.0,15.0,14.0,14.0,384.0,219.0,13.0,56.0,1811.0,7.0,4172.0,14407.0,19.0,215.0,222.0,446.0,4.0,467.0,34.0,1.0,139.0,2519.0,12.0,70.0,657.0,32.0,9.0,40.0,6.0,19.0,14860.0,355.0,15.0,1479.0,25.0,217.0,168.0,34.0,1.0,476.0,3745.0,281.0,6.0,246.0,0.0,68.0,80.0,17.0,17.0,5052.0,49.0,0.0,951.0,0.0,39.0,779.0,,,,
2012,1,False,False,24,Baylor,59,13,13,184.0,0.0,18.0,34.0,30.0,7.0,475.0,367.0,38.0,86.0,3012.0,13.0,7439.0,21513.0,23.0,144.0,294.0,753.0,21.0,597.0,15.0,3.0,316.0,4427.0,10.0,85.0,503.0,557.0,17.0,22.0,5.0,15.0,26330.0,400.0,8.0,1716.0,22.0,205.0,199.0,23.0,0.0,516.0,3059.0,273.0,21.0,249.0,8.0,78.0,66.0,16.0,16.0,4775.0,50.0,0.0,1039.0,0.0,30.0,692.0,,,,
2012,3,True,False,3,Texas A&M,48,13,13,194.0,1.0,12.0,28.0,12.0,4.0,492.0,357.0,46.0,80.0,3147.0,10.0,7261.0,22693.0,21.0,452.0,329.0,735.0,7.0,533.0,35.0,2.0,196.0,4114.0,11.0,106.0,503.0,557.0,17.0,22.0,5.0,15.0,26330.0,400.0,8.0,1716.0,22.0,205.0,199.0,23.0,0.0,516.0,3059.0,273.0,21.0,249.0,8.0,78.0,66.0,16.0,16.0,4775.0,32.0,0.0,697.0,0.0,30.0,692.0,,,,
2012,5,True,False,16,TCU,24,13,13,191.0,1.0,21.0,26.0,20.0,11.0,402.0,245.0,13.0,89.0,1977.0,12.0,5052.0,27069.0,29.0,322.0,237.0,819.0,10.0,512.0,27.0,2.0,276.0,3075.0,17.0,64.0,503.0,557.0,17.0,22.0,5.0,15.0,26330.0,400.0,8.0,1716.0,22.0,205.0,199.0,23.0,0.0,516.0,3059.0,273.0,21.0,249.0,8.0,78.0,66.0,16.0,16.0,4775.0,35.0,0.0,807.0,0.0,30.0,692.0,,,,
2012,6,False,True,17,UTEP,0,12,13,174.0,1.0,7.0,16.0,21.0,12.0,376.0,232.0,13.0,58.0,1782.0,13.0,4470.0,21093.0,23.0,191.0,198.0,501.0,8.0,455.0,20.0,0.0,20.0,2688.0,10.0,62.0,503.0,557.0,17.0,22.0,5.0,15.0,26330.0,400.0,8.0,1716.0,22.0,205.0,199.0,23.0,0.0,516.0,3059.0,273.0,21.0,249.0,8.0,78.0,66.0,16.0,16.0,4775.0,47.0,2.0,1096.0,0.0,30.0,692.0,,,,
2012,7,False,False,26,Tulane,27,12,13,184.0,0.0,15.0,23.0,18.0,9.0,536.0,214.0,3.0,76.0,479.0,20.0,3838.0,21994.0,33.0,144.0,310.0,647.0,5.0,280.0,13.0,1.0,321.0,3359.0,13.0,71.0,503.0,557.0,17.0,22.0,5.0,15.0,26330.0,400.0,8.0,1716.0,22.0,205.0,199.0,23.0,0.0,516.0,3059.0,273.0,21.0,249.0,8.0,78.0,66.0,16.0,16.0,4775.0,44.0,0.0,847.0,0.0,30.0,692.0,,,,
2012,8,True,True,72,Houston,42,12,13,197.0,0.0,19.0,27.0,25.0,12.0,591.0,292.0,18.0,74.0,1814.0,20.0,5755.0,19365.0,35.0,84.0,337.0,634.0,9.0,393.0,24.0,2.0,286.0,3941.0,15.0,81.0,503.0,557.0,17.0,22.0,5.0,15.0,26330.0,400.0,8.0,1716.0,22.0,205.0,199.0,23.0,0.0,516.0,3059.0,273.0,21.0,249.0,8.0,78.0,66.0,16.0,16.0,4775.0,42.0,0.0,801.0,0.0,30.0,692.0,,,,
2012,9,True,True,44,Memphis,13,12,13,166.0,1.0,8.0,16.0,28.0,15.0,283.0,211.0,18.0,85.0,1821.0,3.0,3820.0,22629.0,24.0,300.0,182.0,832.0,20.0,489.0,26.0,2.0,48.0,1999.0,21.0,60.0,503.0,557.0,17.0,22.0,5.0,15.0,26330.0,400.0,8.0,1716.0,22.0,205.0,199.0,23.0,0.0,516.0,3059.0,273.0,21.0,249.0,8.0,78.0,66.0,16.0,16.0,4775.0,50.0,0.0,1141.0,0.0,30.0,692.0,,,,
2012,10,False,False,17,UCF,42,14,13,186.0,0.0,11.0,28.0,15.0,16.0,412.0,301.0,33.0,60.0,2545.0,7.0,5703.0,26636.0,15.0,266.0,257.0,507.0,9.0,527.0,25.0,2.0,246.0,3158.0,8.0,91.0,503.0,557.0,17.0,22.0,5.0,15.0,26330.0,400.0,8.0,1716.0,22.0,205.0,199.0,23.0,0.0,516.0,3059.0,273.0,21.0,249.0,8.0,78.0,66.0,16.0,16.0,4775.0,38.0,3.0,943.0,0.0,30.0,692.0,,,,
2012,11,True,True,34,Southern Miss,6,12,13,170.0,0.0,5.0,9.0,16.0,7.0,313.0,215.0,17.0,57.0,1855.0,13.0,3874.0,20198.0,28.0,40.0,151.0,477.0,7.0,479.0,8.0,2.0,77.0,2019.0,15.0,61.0,503.0,557.0,17.0,22.0,5.0,15.0,26330.0,400.0,8.0,1716.0,22.0,205.0,199.0,23.0,0.0,516.0,3059.0,273.0,21.0,249.0,8.0,78.0,66.0,16.0,16.0,4775.0,53.0,1.0,1128.0,0.0,30.0,692.0,,,,
2012,12,False,False,14,Rice,36,13,13,220.0,1.0,11.0,19.0,17.0,16.0,401.0,306.0,26.0,72.0,2623.0,5.0,5556.0,26749.0,22.0,82.0,236.0,660.0,12.0,625.0,20.0,2.0,159.0,2933.0,17.0,100.0,503.0,557.0,17.0,22.0,5.0,15.0,26330.0,400.0,8.0,1716.0,22.0,205.0,199.0,23.0,0.0,516.0,3059.0,273.0,21.0,249.0,8.0,78.0,66.0,16.0,16.0,4775.0,38.0,1.0,876.0,0.0,30.0,692.0,,,,
2012,13,True,True,35,Tulsa,27,14,13,237.0,1.0,12.0,19.0,37.0,15.0,471.0,324.0,41.0,63.0,3440.0,13.0,6400.0,25677.0,24.0,247.0,248.0,586.0,21.0,689.0,30.0,1.0,67.0,2960.0,11.0,91.0,503.0,557.0,17.0,22.0,5.0,15.0,26330.0,400.0,8.0,1716.0,22.0,205.0,199.0,23.0,0.0,516.0,3059.0,273.0,21.0,249.0,8.0,78.0,66.0,16.0,16.0,4775.0,36.0,1.0,959.0,0.0,30.0,692.0,,,,
2013,1,True,False,23,Texas Tech,41,13,12,218.0,0.0,8.0,35.0,18.0,11.0,714.0,359.0,19.0,104.0,1536.0,18.0,6643.0,22386.0,33.0,212.0,453.0,978.0,8.0,422.0,32.0,1.0,178.0,5107.0,15.0,98.0,770.0,96.0,6.0,18.0,13.0,12.0,20767.0,326.0,12.0,1125.0,13.0,134.0,198.0,24.0,1.0,619.0,4097.0,400.0,11.0,276.0,1.0,77.0,90.0,23.0,27.0,5222.0,39.0,1.0,885.0,0.0,47.0,907.0,,,,
2013,4,False,False,13,Texas A&M,42,13,12,161.0,0.0,17.0,40.0,18.0,5.0,489.0,356.0,33.0,81.0,2406.0,13.0,6999.0,21052.0,21.0,147.0,339.0,690.0,11.0,465.0,22.0,4.0,247.0,4593.0,8.0,81.0,770.0,96.0,6.0,18.0,13.0,12.0,20767.0,326.0,12.0,1125.0,13.0,134.0,198.0,24.0,1.0,619.0,4097.0,400.0,11.0,276.0,1.0,77.0,90.0,23.0,27.0,5222.0,47.0,0.0,1012.0,0.0,47.0,907.0,,,,
2013,5,False,False,17,TCU,48,12,12,175.0,0.0,19.0,14.0,15.0,9.0,419.0,213.0,20.0,79.0,1423.0,17.0,4138.0,22489.0,30.0,298.0,240.0,649.0,6.0,403.0,27.0,1.0,195.0,2715.0,13.0,56.0,770.0,96.0,6.0,18.0,13.0,12.0,20767.0,326.0,12.0,1125.0,13.0,134.0,198.0,24.0,1.0,619.0,4097.0,400.0,11.0,276.0,1.0,77.0,90.0,23.0,27.0,5222.0,41.0,2.0,1025.0,0.0,47.0,907.0,,,,
2013,6,True,False,52,Rutgers,55,13,12,186.0,2.0,8.0,22.0,27.0,10.0,442.0,254.0,17.0,84.0,1684.0,22.0,4747.0,22679.0,30.0,216.0,240.0,699.0,21.0,455.0,21.0,0.0,47.0,3063.0,8.0,65.0,770.0,96.0,6.0,18.0,13.0,12.0,20767.0,326.0,12.0,1125.0,13.0,134.0,198.0,24.0,1.0,619.0,4097.0,400.0,11.0,276.0,1.0,77.0,90.0,23.0,27.0,5222.0,48.0,2.0,1057.0,0.0,47.0,907.0,,,,
2013,8,False,True,34,Memphis,29,12,12,173.0,0.0,11.0,9.0,27.0,7.0,361.0,212.0,14.0,92.0,1660.0,11.0,3738.0,21542.0,26.0,204.0,206.0,862.0,13.0,438.0,27.0,2.0,269.0,2078.0,15.0,53.0,770.0,96.0,6.0,18.0,13.0,12.0,20767.0,326.0,12.0,1125.0,13.0,134.0,198.0,24.0,1.0,619.0,4097.0,400.0,11.0,276.0,1.0,77.0,90.0,23.0,27.0,5222.0,46.0,0.0,1088.0,0.0,47.0,907.0,,,,
2013,9,True,True,59,Temple,49,12,12,173.0,1.0,3.0,23.0,23.0,10.0,418.0,249.0,17.0,77.0,1792.0,11.0,4788.0,21782.0,19.0,91.0,235.0,641.0,11.0,422.0,19.0,0.0,10.0,2996.0,8.0,73.0,770.0,96.0,6.0,18.0,13.0,12.0,20767.0,326.0,12.0,1125.0,13.0,134.0,198.0,24.0,1.0,619.0,4097.0,400.0,11.0,276.0,1.0,77.0,90.0,23.0,27.0,5222.0,48.0,0.0,927.0,0.0,47.0,907.0,,,,
2013,11,False,False,25,Cincinnati,28,13,12,190.0,0.0,13.0,28.0,19.0,8.0,469.0,315.0,28.0,80.0,2190.0,17.0,6137.0,24958.0,28.0,162.0,311.0,752.0,9.0,516.0,30.0,1.0,249.0,3947.0,11.0,92.0,770.0,96.0,6.0,18.0,13.0,12.0,20767.0,326.0,12.0,1125.0,13.0,134.0,198.0,24.0,1.0,619.0,4097.0,400.0,11.0,276.0,1.0,77.0,90.0,23.0,27.0,5222.0,33.0,0.0,711.0,0.0,47.0,907.0,,,,
2013,12,True,True,38,UConn,21,12,12,184.0,0.0,13.0,16.0,20.0,11.0,439.0,217.0,12.0,56.0,1013.0,18.0,3823.0,22338.0,25.0,62.0,241.0,493.0,11.0,388.0,20.0,1.0,124.0,2810.0,7.0,63.0,770.0,96.0,6.0,18.0,13.0,12.0,20767.0,326.0,12.0,1125.0,13.0,134.0,198.0,24.0,1.0,619.0,4097.0,400.0,11.0,276.0,1.0,77.0,90.0,23.0,27.0,5222.0,40.0,0.0,747.0,0.0,47.0,907.0,,,,
2013,13,False,True,16,South Florida,6,12,12,172.0,1.0,11.0,7.0,16.0,14.0,357.0,154.0,4.0,102.0,1064.0,16.0,3066.0,20515.0,28.0,198.0,166.0,861.0,5.0,359.0,14.0,1.0,56.0,2002.0,12.0,49.0,770.0,96.0,6.0,18.0,13.0,12.0,20767.0,326.0,12.0,1125.0,13.0,134.0,198.0,24.0,1.0,619.0,4097.0,400.0,11.0,276.0,1.0,77.0,90.0,23.0,27.0,5222.0,47.0,0.0,920.0,0.0,47.0,907.0,,,,
2013,14,False,False,0,Houston,34,13,12,191.0,0.0,25.0,30.0,17.0,18.0,518.0,282.0,19.0,98.0,1807.0,10.0,5454.0,20556.0,18.0,73.0,299.0,881.0,4.0,435.0,21.0,2.0,305.0,3647.0,8.0,68.0,770.0,96.0,6.0,18.0,13.0,12.0,20767.0,326.0,12.0,1125.0,13.0,134.0,198.0,24.0,1.0,619.0,4097.0,400.0,11.0,276.0,1.0,77.0,90.0,23.0,27.0,5222.0,47.0,1.0,1187.0,0.0,47.0,907.0,,,,
2013,15,True,False,13,UCF,17,13,12,158.0,0.0,14.0,26.0,8.0,12.0,404.0,291.0,28.0,62.0,2079.0,11.0,5740.0,25072.0,21.0,196.0,269.0,541.0,3.0,471.0,18.0,0.0,112.0,3661.0,10.0,77.0,770.0,96.0,6.0,18.0,13.0,12.0,20767.0,326.0,12.0,1125.0,13.0,134.0,198.0,24.0,1.0,619.0,4097.0,400.0,11.0,276.0,1.0,77.0,90.0,23.0,27.0,5222.0,41.0,0.0,923.0,0.0,47.0,907.0,,,,
2014,1,False,False,0,Baylor,45,13,12,214.0,0.0,13.0,38.0,34.0,13.0,519.0,391.0,43.0,127.0,2802.0,8.0,7559.0,22578.0,13.0,93.0,323.0,1149.0,25.0,619.0,20.0,0.0,203.0,4757.0,5.0,100.0,632.0,14.0,10.0,14.0,14.0,14.0,22631.0,362.0,16.0,1204.0,9.0,60.0,187.0,30.0,0.0,430.0,2024.0,230.0,6.0,175.0,0.0,61.0,74.0,6.0,28.0,3228.0,40.0,0.0,801.0,0.0,58.0,1090.0,,,,
2014,2,False,False,6,North Texas,43,12,12,181.0,1.0,12.0,13.0,13.0,10.0,332.0,213.0,21.0,63.0,1838.0,13.0,3917.0,22149.0,22.0,298.0,182.0,603.0,6.0,472.0,37.0,2.0,198.0,2079.0,9.0,70.0,632.0,14.0,10.0,14.0,14.0,14.0,22631.0,362.0,16.0,1204.0,9.0,60.0,187.0,30.0,0.0,430.0,2024.0,230.0,6.0,175.0,0.0,61.0,74.0,6.0,28.0,3228.0,33.0,1.0,767.0,0.0,58.0,1090.0,,,,
2014,4,True,False,6,Texas A&M,58,13,12,179.0,0.0,5.0,39.0,19.0,8.0,514.0,299.0,20.0,68.0,1949.0,15.0,5920.0,20423.0,20.0,274.0,332.0,663.0,11.0,421.0,21.0,0.0,45.0,3971.0,5.0,73.0,632.0,14.0,10.0,14.0,14.0,14.0,22631.0,362.0,16.0,1204.0,9.0,60.0,187.0,30.0,0.0,430.0,2024.0,230.0,6.0,175.0,0.0,61.0,74.0,6.0,28.0,3228.0,52.0,0.0,1170.0,0.0,58.0,1090.0,,,,
2014,5,True,False,0,TCU,56,13,12,198.0,1.0,26.0,37.0,14.0,14.0,529.0,331.0,32.0,82.0,2689.0,11.0,6929.0,24565.0,22.0,345.0,325.0,752.0,7.0,509.0,35.0,5.0,378.0,4240.0,11.0,85.0,632.0,14.0,10.0,14.0,14.0,14.0,22631.0,362.0,16.0,1204.0,9.0,60.0,187.0,30.0,0.0,430.0,2024.0,230.0,6.0,175.0,0.0,61.0,74.0,6.0,28.0,3228.0,35.0,1.0,735.0,0.0,58.0,1090.0,,,,
2014,6,False,False,24,East Carolina,45,13,12,194.0,0.0,14.0,31.0,24.0,5.0,637.0,378.0,28.0,109.0,2094.0,11.0,6929.0,23122.0,23.0,120.0,402.0,1004.0,11.0,433.0,27.0,2.0,132.0,4835.0,12.0,92.0,632.0,14.0,10.0,14.0,14.0,14.0,22631.0,362.0,16.0,1204.0,9.0,60.0,187.0,30.0,0.0,430.0,2024.0,230.0,6.0,175.0,0.0,61.0,74.0,6.0,28.0,3228.0,47.0,0.0,875.0,0.0,58.0,1090.0,,,,
2014,8,True,False,3,Cincinnati,41,13,12,177.0,0.0,8.0,35.0,16.0,16.0,491.0,310.0,18.0,59.0,2035.0,14.0,5982.0,22281.0,22.0,79.0,294.0,542.0,11.0,454.0,14.0,0.0,46.0,3947.0,8.0,73.0,632.0,14.0,10.0,14.0,14.0,14.0,22631.0,362.0,16.0,1204.0,9.0,60.0,187.0,30.0,0.0,430.0,2024.0,230.0,6.0,175.0,0.0,61.0,74.0,6.0,28.0,3228.0,49.0,0.0,961.0,0.0,58.0,1090.0,,,,
2014,9,True,False,10,Memphis,48,13,12,208.0,0.0,17.0,23.0,14.0,14.0,418.0,294.0,31.0,81.0,2476.0,9.0,5552.0,23357.0,20.0,371.0,262.0,770.0,10.0,594.0,42.0,3.0,170.0,3076.0,11.0,76.0,632.0,14.0,10.0,14.0,14.0,14.0,22631.0,362.0,16.0,1204.0,9.0,60.0,187.0,30.0,0.0,430.0,2024.0,230.0,6.0,175.0,0.0,61.0,74.0,6.0,28.0,3228.0,39.0,0.0,866.0,0.0,58.0,1090.0,,,,
2014,11,False,False,28,Tulsa,38,12,12,203.0,1.0,8.0,23.0,28.0,7.0,481.0,270.0,11.0,78.0,1774.0,18.0,4950.0,22840.0,23.0,127.0,263.0,768.0,11.0,477.0,18.0,1.0,116.0,3176.0,5.0,78.0,632.0,14.0,10.0,14.0,14.0,14.0,22631.0,362.0,16.0,1204.0,9.0,60.0,187.0,30.0,0.0,430.0,2024.0,230.0,6.0,175.0,0.0,61.0,74.0,6.0,28.0,3228.0,43.0,0.0,876.0,0.0,58.0,1090.0,,,,
2014,12,True,False,13,South Florida,14,12,12,174.0,0.0,6.0,11.0,19.0,14.0,364.0,182.0,11.0,75.0,1295.0,11.0,3656.0,20251.0,20.0,126.0,179.0,728.0,9.0,376.0,20.0,1.0,46.0,2361.0,9.0,65.0,632.0,14.0,10.0,14.0,14.0,14.0,22631.0,362.0,16.0,1204.0,9.0,60.0,187.0,30.0,0.0,430.0,2024.0,230.0,6.0,175.0,0.0,61.0,74.0,6.0,28.0,3228.0,43.0,0.0,866.0,0.0,58.0,1090.0,,,,
2014,13,False,False,7,UCF,53,13,12,205.0,0.0,18.0,23.0,25.0,10.0,416.0,265.0,19.0,76.0,1668.0,15.0,4727.0,25414.0,29.0,241.0,233.0,706.0,13.0,526.0,28.0,0.0,115.0,3059.0,14.0,85.0,632.0,14.0,10.0,14.0,14.0,14.0,22631.0,362.0,16.0,1204.0,9.0,60.0,187.0,30.0,0.0,430.0,2024.0,230.0,6.0,175.0,0.0,61.0,74.0,6.0,28.0,3228.0,37.0,1.0,957.0,0.0,58.0,1090.0,,,,
2014,14,True,False,9,Houston,35,13,12,195.0,0.0,19.0,18.0,23.0,11.0,450.0,286.0,28.0,84.0,2390.0,15.0,5383.0,24436.0,22.0,85.0,272.0,771.0,12.0,495.0,16.0,1.0,286.0,2993.0,7.0,79.0,632.0,14.0,10.0,14.0,14.0,14.0,22631.0,362.0,16.0,1204.0,9.0,60.0,187.0,30.0,0.0,430.0,2024.0,230.0,6.0,175.0,0.0,61.0,74.0,6.0,28.0,3228.0,44.0,0.0,728.0,0.0,58.0,1090.0,,,,
2014,15,False,True,27,UConn,20,12,12,164.0,1.0,8.0,12.0,14.0,7.0,340.0,178.0,8.0,74.0,1283.0,12.0,3315.0,20934.0,28.0,81.0,185.0,708.0,8.0,396.0,13.0,1.0,174.0,2032.0,16.0,50.0,632.0,14.0,10.0,14.0,14.0,14.0,22631.0,362.0,16.0,1204.0,9.0,60.0,187.0,30.0,0.0,430.0,2024.0,230.0,6.0,175.0,0.0,61.0,74.0,6.0,28.0,3228.0,48.0,0.0,949.0,0.0,58.0,1090.0,,,,
2015,1,True,False,21,Baylor,56,13,12,195.0,0.0,14.0,44.0,40.0,12.0,389.0,382.0,41.0,118.0,4247.0,13.0,8011.0,21733.0,26.0,64.0,229.0,1043.0,28.0,714.0,15.0,0.0,137.0,3764.0,13.0,91.0,604.0,82.0,5.0,13.0,7.0,8.0,22638.0,503.0,17.0,1974.0,23.0,41.0,182.0,25.0,0.0,366.0,2620.0,203.0,10.0,246.0,0.0,71.0,65.0,19.0,20.0,4594.0,31.0,0.0,675.0,1.0,56.0,1246.0,,,,
2015,2,True,True,31,North Texas,13,12,12,182.0,1.0,4.0,12.0,27.0,14.0,407.0,224.0,7.0,74.0,1904.0,11.0,3841.0,19155.0,25.0,172.0,190.0,681.0,12.0,436.0,20.0,0.0,11.0,1937.0,14.0,59.0,604.0,82.0,5.0,13.0,7.0,8.0,22638.0,503.0,17.0,1974.0,23.0,41.0,182.0,25.0,0.0,366.0,2620.0,203.0,10.0,246.0,0.0,71.0,65.0,19.0,20.0,4594.0,52.0,0.0,1090.0,1.0,56.0,1246.0,,,,
2015,3,False,False,37,TCU,56,13,12,199.0,1.0,7.0,39.0,15.0,12.0,517.0,358.0,26.0,94.0,2800.0,15.0,7317.0,24464.0,19.0,192.0,326.0,922.0,7.0,561.0,20.0,2.0,133.0,4517.0,4.0,86.0,604.0,82.0,5.0,13.0,7.0,8.0,22638.0,503.0,17.0,1974.0,23.0,41.0,182.0,25.0,0.0,366.0,2620.0,203.0,10.0,246.0,0.0,71.0,65.0,19.0,20.0,4594.0,35.0,0.0,857.0,1.0,56.0,1246.0,,,,
2015,5,True,False,23,East Carolina,49,12,12,187.0,1.0,8.0,21.0,17.0,8.0,473.0,260.0,19.0,89.0,1600.0,12.0,4975.0,20240.0,19.0,225.0,321.0,825.0,11.0,404.0,24.0,2.0,150.0,3375.0,7.0,80.0,604.0,82.0,5.0,13.0,7.0,8.0,22638.0,503.0,17.0,1974.0,23.0,41.0,182.0,25.0,0.0,366.0,2620.0,203.0,10.0,246.0,0.0,71.0,65.0,19.0,20.0,4594.0,39.0,0.0,760.0,1.0,56.0,1246.0,,,,
2015,6,False,False,28,Houston,49,14,12,233.0,1.0,21.0,22.0,26.0,14.0,432.0,332.0,46.0,85.0,3301.0,7.0,6778.0,26314.0,14.0,302.0,285.0,783.0,13.0,669.0,29.0,3.0,342.0,3477.0,7.0,117.0,604.0,82.0,5.0,13.0,7.0,8.0,22638.0,503.0,17.0,1974.0,23.0,41.0,182.0,25.0,0.0,366.0,2620.0,203.0,10.0,246.0,0.0,71.0,65.0,19.0,20.0,4594.0,33.0,2.0,777.0,1.0,56.0,1246.0,,,,
2015,8,False,False,14,South Florida,38,13,12,181.0,0.0,18.0,26.0,19.0,8.0,301.0,263.0,28.0,79.0,3205.0,9.0,5741.0,22018.0,15.0,229.0,179.0,714.0,11.0,592.0,23.0,1.0,226.0,2536.0,6.0,67.0,604.0,82.0,5.0,13.0,7.0,8.0,22638.0,503.0,17.0,1974.0,23.0,41.0,182.0,25.0,0.0,366.0,2620.0,203.0,10.0,246.0,0.0,71.0,65.0,19.0,20.0,4594.0,42.0,1.0,1093.0,1.0,56.0,1246.0,,,,
2015,9,True,False,31,Tulsa,40,13,12,227.0,0.0,10.0,25.0,26.0,14.0,492.0,332.0,33.0,91.0,2264.0,8.0,6596.0,21632.0,20.0,114.0,305.0,730.0,14.0,591.0,9.0,4.0,325.0,4332.0,12.0,100.0,604.0,82.0,5.0,13.0,7.0,8.0,22638.0,503.0,17.0,1974.0,23.0,41.0,182.0,25.0,0.0,366.0,2620.0,203.0,10.0,246.0,0.0,71.0,65.0,19.0,20.0,4594.0,38.0,0.0,687.0,1.0,56.0,1246.0,,,,
2015,10,True,False,40,Temple,60,14,12,212.0,1.0,16.0,20.0,23.0,6.0,439.0,271.0,25.0,81.0,2096.0,8.0,5134.0,27660.0,19.0,294.0,250.0,773.0,11.0,517.0,30.0,2.0,301.0,3038.0,11.0,87.0,604.0,82.0,5.0,13.0,7.0,8.0,22638.0,503.0,17.0,1974.0,23.0,41.0,182.0,25.0,0.0,366.0,2620.0,203.0,10.0,246.0,0.0,71.0,65.0,19.0,20.0,4594.0,40.0,1.0,810.0,1.0,56.0,1246.0,,,,
2015,11,False,False,14,Navy,55,13,12,178.0,0.0,12.0,9.0,26.0,15.0,122.0,272.0,53.0,40.0,4247.0,2.0,5527.0,25587.0,8.0,67.0,64.0,339.0,24.0,748.0,11.0,0.0,93.0,1280.0,6.0,89.0,604.0,82.0,5.0,13.0,7.0,8.0,22638.0,503.0,17.0,1974.0,23.0,41.0,182.0,25.0,0.0,366.0,2620.0,203.0,10.0,246.0,0.0,71.0,65.0,19.0,20.0,4594.0,32.0,0.0,775.0,1.0,56.0,1246.0,,,,
2015,12,True,True,49,Tulane,21,12,12,184.0,0.0,8.0,18.0,16.0,8.0,403.0,195.0,11.0,70.0,1389.0,10.0,3804.0,20396.0,15.0,88.0,205.0,641.0,5.0,397.0,15.0,0.0,100.0,2415.0,5.0,63.0,604.0,82.0,5.0,13.0,7.0,8.0,22638.0,503.0,17.0,1974.0,23.0,41.0,182.0,25.0,0.0,366.0,2620.0,203.0,10.0,246.0,0.0,71.0,65.0,19.0,20.0,4594.0,48.0,0.0,859.0,1.0,56.0,1246.0,,,,
2015,13,False,False,0,Memphis,63,13,12,209.0,1.0,12.0,30.0,18.0,10.0,465.0,322.0,29.0,98.0,2333.0,5.0,6330.0,23673.0,14.0,224.0,311.0,946.0,10.0,563.0,28.0,2.0,156.0,3997.0,9.0,101.0,604.0,82.0,5.0,13.0,7.0,8.0,22638.0,503.0,17.0,1974.0,23.0,41.0,182.0,25.0,0.0,366.0,2620.0,203.0,10.0,246.0,0.0,71.0,65.0,19.0,20.0,4594.0,44.0,0.0,985.0,1.0,56.0,1246.0,,,,
2016,1,False,True,34,North Texas,21,13,12,181.0,1.0,14.0,15.0,22.0,8.0,449.0,240.0,24.0,97.0,1736.0,13.0,4444.0,21453.0,21.0,152.0,261.0,888.0,8.0,426.0,18.0,2.0,221.0,2708.0,8.0,63.0,624.0,416.0,8.0,14.0,6.0,17.0,22053.0,478.0,7.0,1959.0,14.0,48.0,209.0,24.0,0.0,456.0,3168.0,248.0,18.0,262.0,4.0,90.0,69.0,22.0,16.0,5127.0,49.0,0.0,948.0,0.0,53.0,933.0,26.0,74.0,68.0,29.0
2016,2,False,False,13,Baylor,40,13,12,222.0,0.0,12.0,33.0,46.0,10.0,480.0,330.0,25.0,129.0,3143.0,15.0,6795.0,21071.0,27.0,223.0,269.0,1068.0,26.0,628.0,23.0,2.0,310.0,3652.0,12.0,94.0,624.0,416.0,8.0,14.0,6.0,17.0,22053.0,478.0,7.0,1959.0,14.0,48.0,209.0,24.0,0.0,456.0,3168.0,248.0,18.0,262.0,4.0,90.0,69.0,22.0,16.0,5127.0,35.0,0.0,670.0,0.0,53.0,933.0,32.0,97.0,68.0,29.0
2016,4,True,False,3,TCU,33,13,12,198.0,1.0,8.0,18.0,17.0,8.0,503.0,296.0,30.0,88.0,2535.0,14.0,6021.0,21931.0,20.0,227.0,295.0,797.0,10.0,488.0,23.0,1.0,80.0,3486.0,6.0,80.0,624.0,416.0,8.0,14.0,6.0,17.0,22053.0,478.0,7.0,1959.0,14.0,48.0,209.0,24.0,0.0,456.0,3168.0,248.0,18.0,262.0,4.0,90.0,69.0,22.0,16.0,5127.0,44.0,0.0,1025.0,0.0,53.0,933.0,43.0,85.0,68.0,29.0
2016,5,False,False,20,Temple,45,14,12,190.0,0.0,12.0,22.0,23.0,10.0,403.0,297.0,31.0,75.0,2466.0,13.0,5790.0,28175.0,19.0,190.0,232.0,604.0,10.0,564.0,20.0,0.0,130.0,3324.0,6.0,79.0,624.0,416.0,8.0,14.0,6.0,17.0,22053.0,478.0,7.0,1959.0,14.0,48.0,209.0,24.0,0.0,456.0,3168.0,248.0,18.0,262.0,4.0,90.0,69.0,22.0,16.0,5127.0,32.0,0.0,660.0,0.0,53.0,933.0,39.0,103.0,68.0,29.0
2016,6,False,False,40,Tulsa,43,13,12,210.0,0.0,10.0,33.0,15.0,11.0,449.0,373.0,33.0,78.0,3410.0,12.0,6841.0,23165.0,21.0,224.0,267.0,684.0,9.0,667.0,28.0,3.0,184.0,3449.0,9.0,97.0,624.0,416.0,8.0,14.0,6.0,17.0,22053.0,478.0,7.0,1959.0,14.0,48.0,209.0,24.0,0.0,456.0,3168.0,248.0,18.0,262.0,4.0,90.0,69.0,22.0,16.0,5127.0,40.0,0.0,810.0,0.0,53.0,933.0,31.0,81.0,68.0,29.0
2016,8,True,True,38,Houston,16,13,12,233.0,0.0,7.0,24.0,30.0,11.0,523.0,312.0,29.0,58.0,1912.0,15.0,5764.0,25790.0,25.0,73.0,352.0,554.0,19.0,561.0,19.0,2.0,132.0,3852.0,10.0,109.0,624.0,416.0,8.0,14.0,6.0,17.0,22053.0,478.0,7.0,1959.0,14.0,48.0,209.0,24.0,0.0,456.0,3168.0,248.0,18.0,262.0,4.0,90.0,69.0,22.0,16.0,5127.0,37.0,1.0,783.0,0.0,53.0,933.0,39.0,101.0,68.0,29.0
2016,9,False,True,35,Tulane,31,12,12,187.0,0.0,12.0,10.0,36.0,15.0,258.0,208.0,25.0,77.0,2737.0,8.0,4097.0,23322.0,18.0,62.0,109.0,661.0,20.0,591.0,15.0,1.0,216.0,1360.0,10.0,52.0,624.0,416.0,8.0,14.0,6.0,17.0,22053.0,478.0,7.0,1959.0,14.0,48.0,209.0,24.0,0.0,456.0,3168.0,248.0,18.0,262.0,4.0,90.0,69.0,22.0,16.0,5127.0,32.0,1.0,712.0,0.0,53.0,933.0,29.0,87.0,68.0,29.0
2016,10,True,False,7,Memphis,51,13,12,196.0,0.0,16.0,34.0,22.0,13.0,477.0,304.0,23.0,82.0,2071.0,10.0,6028.0,21235.0,21.0,175.0,303.0,771.0,13.0,487.0,21.0,3.0,200.0,3957.0,11.0,79.0,624.0,416.0,8.0,14.0,6.0,17.0,22053.0,478.0,7.0,1959.0,14.0,48.0,209.0,24.0,0.0,456.0,3168.0,248.0,18.0,262.0,4.0,90.0,69.0,22.0,16.0,5127.0,49.0,3.0,1249.0,0.0,53.0,933.0,23.0,74.0,68.0,29.0
2016,11,False,True,55,East Carolina,31,12,12,193.0,0.0,5.0,26.0,35.0,3.0,554.0,286.0,13.0,60.0,1589.0,12.0,5605.0,21700.0,24.0,18.0,359.0,521.0,21.0,404.0,10.0,0.0,44.0,4016.0,12.0,76.0,624.0,416.0,8.0,14.0,6.0,17.0,22053.0,478.0,7.0,1959.0,14.0,48.0,209.0,24.0,0.0,456.0,3168.0,248.0,18.0,262.0,4.0,90.0,69.0,22.0,16.0,5127.0,54.0,0.0,990.0,0.0,53.0,933.0,8.0,54.0,68.0,29.0
2016,12,True,False,27,South Florida,35,13,12,191.0,1.0,15.0,26.0,19.0,11.0,358.0,300.0,47.0,83.0,3709.0,8.0,6650.0,20915.0,17.0,238.0,225.0,763.0,17.0,570.0,24.0,2.0,233.0,2941.0,9.0,84.0,624.0,416.0,8.0,14.0,6.0,17.0,22053.0,478.0,7.0,1959.0,14.0,48.0,209.0,24.0,0.0,456.0,3168.0,248.0,18.0,262.0,4.0,90.0,69.0,22.0,16.0,5127.0,44.0,0.0,857.0,0.0,53.0,933.0,31.0,79.0,68.0,29.0
2016,13,True,False,31,Navy,75,14,12,167.0,0.0,7.0,9.0,28.0,11.0,158.0,295.0,61.0,39.0,4342.0,7.0,6136.0,26199.0,16.0,146.0,93.0,341.0,17.0,742.0,15.0,2.0,60.0,1794.0,9.0,91.0,624.0,416.0,8.0,14.0,6.0,17.0,22053.0,478.0,7.0,1959.0,14.0,48.0,209.0,24.0,0.0,456.0,3168.0,248.0,18.0,262.0,4.0,90.0,69.0,22.0,16.0,5127.0,48.0,0.0,1111.0,0.0,53.0,933.0,20.0,57.0,68.0,29.0
2017,2,True,True,54,North Texas,32,14,13,194.0,2.0,8.0,32.0,32.0,6.0,519.0,340.0,28.0,69.0,2288.0,15.0,6366.0,25418.0,27.0,198.0,327.0,613.0,18.0,518.0,21.0,0.0,16.0,4078.0,12.0,84.0,769.0,168.0,11.0,7.0,14.0,13.0,23046.0,486.0,6.0,2397.0,26.0,26.0,193.0,19.0,0.0,487.0,3823.0,283.0,12.0,312.0,2.0,83.0,83.0,35.0,20.0,6220.0,47.0,0.0,876.0,0.0,50.0,935.0,23.0,76.0,90.0,31.0
2017,3,False,False,36,TCU,56,14,13,199.0,2.0,13.0,28.0,14.0,6.0,430.0,298.0,27.0,89.0,2438.0,8.0,5869.0,25776.0,17.0,347.0,285.0,750.0,5.0,533.0,21.0,2.0,199.0,3431.0,9.0,91.0,769.0,168.0,11.0,7.0,14.0,13.0,23046.0,486.0,6.0,2397.0,26.0,26.0,193.0,19.0,0.0,487.0,3823.0,283.0,12.0,312.0,2.0,83.0,83.0,35.0,20.0,6220.0,27.0,1.0,687.0,0.0,50.0,935.0,41.0,92.0,90.0,31.0
2017,4,True,True,44,Arkansas State,21,12,13,180.0,1.0,14.0,38.0,15.0,12.0,512.0,320.0,17.0,94.0,1831.0,17.0,5937.0,20777.0,25.0,370.0,317.0,828.0,5.0,463.0,31.0,1.0,198.0,4106.0,8.0,80.0,769.0,168.0,11.0,7.0,14.0,13.0,23046.0,486.0,6.0,2397.0,26.0,26.0,193.0,19.0,0.0,487.0,3823.0,283.0,12.0,312.0,2.0,83.0,83.0,35.0,20.0,6220.0,36.0,0.0,676.0,0.0,50.0,935.0,35.0,98.0,90.0,31.0
2017,5,True,True,49,UConn,28,12,13,191.0,0.0,6.0,18.0,27.0,5.0,421.0,256.0,17.0,63.0,1752.0,11.0,4982.0,21246.0,19.0,67.0,256.0,586.0,11.0,486.0,10.0,1.0,40.0,3230.0,8.0,76.0,769.0,168.0,11.0,7.0,14.0,13.0,23046.0,486.0,6.0,2397.0,26.0,26.0,193.0,19.0,0.0,487.0,3823.0,283.0,12.0,312.0,2.0,83.0,83.0,35.0,20.0,6220.0,51.0,0.0,1054.0,0.0,50.0,935.0,23.0,66.0,90.0,31.0
2017,6,False,False,22,Houston,35,12,13,179.0,0.0,15.0,16.0,18.0,6.0,411.0,252.0,25.0,72.0,2002.0,12.0,5138.0,20191.0,23.0,70.0,281.0,646.0,8.0,446.0,16.0,1.0,292.0,3136.0,11.0,81.0,769.0,168.0,11.0,7.0,14.0,13.0,23046.0,486.0,6.0,2397.0,26.0,26.0,193.0,19.0,0.0,487.0,3823.0,283.0,12.0,312.0,2.0,83.0,83.0,35.0,20.0,6220.0,32.0,0.0,721.0,0.0,50.0,935.0,23.0,81.0,90.0,31.0
2017,8,False,True,31,Cincinnati,28,12,13,172.0,0.0,5.0,20.0,15.0,5.0,434.0,236.0,11.0,94.0,1624.0,9.0,4221.0,19150.0,16.0,108.0,245.0,876.0,8.0,371.0,13.0,1.0,83.0,2597.0,7.0,67.0,769.0,168.0,11.0,7.0,14.0,13.0,23046.0,486.0,6.0,2397.0,26.0,26.0,193.0,19.0,0.0,487.0,3823.0,283.0,12.0,312.0,2.0,83.0,83.0,35.0,20.0,6220.0,35.0,0.0,724.0,0.0,50.0,935.0,12.0,58.0,90.0,31.0
2017,9,True,True,38,Tulsa,34,12,13,190.0,0.0,7.0,6.0,23.0,6.0,292.0,261.0,36.0,84.0,2967.0,8.0,5044.0,20174.0,13.0,4.0,156.0,720.0,14.0,592.0,4.0,1.0,147.0,2077.0,5.0,83.0,769.0,168.0,11.0,7.0,14.0,13.0,23046.0,486.0,6.0,2397.0,26.0,26.0,193.0,19.0,0.0,487.0,3823.0,283.0,12.0,312.0,2.0,83.0,83.0,35.0,20.0,6220.0,44.0,0.0,809.0,0.0,50.0,935.0,12.0,59.0,90.0,31.0
2017,10,True,False,24,UCF,31,13,13,166.0,1.0,20.0,38.0,20.0,12.0,424.0,327.0,39.0,109.0,2583.0,9.0,6896.0,21903.0,15.0,233.0,287.0,888.0,10.0,500.0,17.0,3.0,303.0,4313.0,6.0,75.0,769.0,168.0,11.0,7.0,14.0,13.0,23046.0,486.0,6.0,2397.0,26.0,26.0,193.0,19.0,0.0,487.0,3823.0,283.0,12.0,312.0,2.0,83.0,83.0,35.0,20.0,6220.0,37.0,2.0,911.0,0.0,50.0,935.0,27.0,78.0,90.0,31.0
2017,11,False,False,40,Navy,43,13,13,187.0,0.0,7.0,10.0,35.0,9.0,102.0,275.0,42.0,53.0,4568.0,10.0,5573.0,28316.0,19.0,58.0,42.0,528.0,23.0,822.0,8.0,0.0,52.0,1005.0,9.0,85.0,769.0,168.0,11.0,7.0,14.0,13.0,23046.0,486.0,6.0,2397.0,26.0,26.0,193.0,19.0,0.0,487.0,3823.0,283.0,12.0,312.0,2.0,83.0,83.0,35.0,20.0,6220.0,38.0,0.0,730.0,0.0,50.0,935.0,16.0,63.0,90.0,31.0
2017,12,False,False,45,Memphis,66,13,13,171.0,0.0,17.0,39.0,20.0,15.0,488.0,327.0,33.0,111.0,2562.0,10.0,6917.0,20596.0,16.0,115.0,307.0,1006.0,11.0,453.0,21.0,2.0,245.0,4355.0,6.0,74.0,769.0,168.0,11.0,7.0,14.0,13.0,23046.0,486.0,6.0,2397.0,26.0,26.0,193.0,19.0,0.0,487.0,3823.0,283.0,12.0,312.0,2.0,83.0,83.0,35.0,20.0,6220.0,48.0,4.0,1249.0,0.0,50.0,935.0,26.0,91.0,90.0,31.0
2017,13,True,True,41,Tulane,38,12,13,163.0,0.0,13.0,12.0,25.0,6.0,241.0,248.0,31.0,70.0,2778.0,6.0,4698.0,23498.0,11.0,23.0,136.0,579.0,16.0,575.0,7.0,0.0,63.0,1920.0,5.0,65.0,769.0,168.0,11.0,7.0,14.0,13.0,23046.0,486.0,6.0,2397.0,26.0,26.0,193.0,19.0,0.0,487.0,3823.0,283.0,12.0,312.0,2.0,83.0,83.0,35.0,20.0,6220.0,28.0,0.0,580.0,0.0,50.0,935.0,25.0,58.0,90.0,31.0
2018,1,False,False,23,North Texas,46,13,12,176.0,1.0,18.0,28.0,24.0,4.0,504.0,320.0,28.0,57.0,1996.0,9.0,5985.0,24351.0,17.0,224.0,321.0,644.0,10.0,460.0,18.0,2.0,177.0,3989.0,8.0,65.0,544.0,-3.0,11.0,22.0,20.0,7.0,19598.0,400.0,7.0,1393.0,17.0,184.0,184.0,14.0,0.0,466.0,3245.0,267.0,12.0,240.0,0.0,61.0,62.0,28.0,34.0,4638.0,23.0,1.0,546.0,1.0,41.0,1023.0,34.0,97.0,89.0,25.0
2018,2,True,False,12,TCU,42,13,12,192.0,2.0,12.0,18.0,17.0,9.0,409.0,244.0,14.0,56.0,2038.0,15.0,4778.0,23712.0,26.0,327.0,238.0,508.0,6.0,495.0,18.0,0.0,207.0,2740.0,11.0,69.0,544.0,-3.0,11.0,22.0,20.0,7.0,19598.0,400.0,7.0,1393.0,17.0,184.0,184.0,14.0,0.0,466.0,3245.0,267.0,12.0,240.0,0.0,61.0,62.0,28.0,34.0,4638.0,34.0,0.0,606.0,1.0,41.0,1023.0,31.0,78.0,89.0,25.0
2018,3,False,False,20,Michigan,45,13,12,184.0,1.0,11.0,24.0,19.0,6.0,340.0,276.0,26.0,86.0,2643.0,9.0,5404.0,26529.0,12.0,287.0,219.0,806.0,9.0,547.0,28.0,4.0,274.0,2761.0,3.0,88.0,544.0,-3.0,11.0,22.0,20.0,7.0,19598.0,400.0,7.0,1393.0,17.0,184.0,184.0,14.0,0.0,466.0,3245.0,267.0,12.0,240.0,0.0,61.0,62.0,28.0,34.0,4638.0,27.0,1.0,533.0,1.0,41.0,1023.0,34.0,90.0,89.0,25.0
2018,4,True,True,31,Navy,30,13,12,184.0,0.0,9.0,5.0,36.0,12.0,129.0,233.0,37.0,48.0,3590.0,5.0,4537.0,26028.0,17.0,106.0,54.0,390.0,22.0,732.0,14.0,0.0,139.0,947.0,12.0,70.0,544.0,-3.0,11.0,22.0,20.0,7.0,19598.0,400.0,7.0,1393.0,17.0,184.0,184.0,14.0,0.0,466.0,3245.0,267.0,12.0,240.0,0.0,61.0,62.0,28.0,34.0,4638.0,21.0,0.0,339.0,1.0,41.0,1023.0,10.0,37.0,89.0,25.0
2018,6,False,False,20,UCF,48,13,12,173.0,0.0,14.0,29.0,21.0,14.0,392.0,347.0,42.0,96.0,3448.0,7.0,6795.0,19639.0,14.0,190.0,224.0,843.0,13.0,594.0,20.0,2.0,226.0,3347.0,7.0,86.0,544.0,-3.0,11.0,22.0,20.0,7.0,19598.0,400.0,7.0,1393.0,17.0,184.0,184.0,14.0,0.0,466.0,3245.0,267.0,12.0,240.0,0.0,61.0,62.0,28.0,34.0,4638.0,27.0,0.0,485.0,1.0,41.0,1023.0,28.0,105.0,89.0,25.0
2018,8,False,True,27,Tulane,23,13,12,189.0,0.0,12.0,15.0,28.0,6.0,301.0,244.0,29.0,88.0,2834.0,7.0,5214.0,25139.0,19.0,144.0,152.0,805.0,10.0,603.0,27.0,1.0,116.0,2380.0,12.0,67.0,544.0,-3.0,11.0,22.0,20.0,7.0,19598.0,400.0,7.0,1393.0,17.0,184.0,184.0,14.0,0.0,466.0,3245.0,267.0,12.0,240.0,0.0,61.0,62.0,28.0,34.0,4638.0,38.0,0.0,817.0,1.0,41.0,1023.0,41.0,85.0,89.0,25.0
2018,9,True,False,20,Cincinnati,26,13,12,198.0,0.0,11.0,22.0,23.0,8.0,376.0,305.0,37.0,107.0,3109.0,8.0,5941.0,25631.0,21.0,137.0,228.0,958.0,11.0,601.0,26.0,1.0,59.0,2832.0,13.0,95.0,544.0,-3.0,11.0,22.0,20.0,7.0,19598.0,400.0,7.0,1393.0,17.0,184.0,184.0,14.0,0.0,466.0,3245.0,267.0,12.0,240.0,0.0,61.0,62.0,28.0,34.0,4638.0,27.0,0.0,486.0,1.0,41.0,1023.0,31.0,83.0,89.0,25.0
2018,10,True,True,45,Houston,31,13,12,194.0,0.0,14.0,45.0,28.0,9.0,474.0,333.0,29.0,86.0,2815.0,9.0,6656.0,19507.0,19.0,199.0,284.0,672.0,14.0,534.0,18.0,2.0,236.0,3841.0,10.0,89.0,544.0,-3.0,11.0,22.0,20.0,7.0,19598.0,400.0,7.0,1393.0,17.0,184.0,184.0,14.0,0.0,466.0,3245.0,267.0,12.0,240.0,0.0,61.0,62.0,28.0,34.0,4638.0,23.0,0.0,484.0,1.0,41.0,1023.0,23.0,87.0,89.0,25.0
2018,11,False,True,62,UConn,50,12,12,177.0,0.0,5.0,20.0,24.0,6.0,351.0,250.0,16.0,54.0,2378.0,17.0,4514.0,22830.0,28.0,14.0,199.0,460.0,13.0,500.0,3.0,0.0,11.0,2136.0,11.0,75.0,544.0,-3.0,11.0,22.0,20.0,7.0,19598.0,400.0,7.0,1393.0,17.0,184.0,184.0,14.0,0.0,466.0,3245.0,267.0,12.0,240.0,0.0,61.0,62.0,28.0,34.0,4638.0,48.0,0.0,871.0,1.0,41.0,1023.0,11.0,51.0,89.0,25.0
2018,12,True,False,18,Memphis,28,14,12,191.0,1.0,9.0,28.0,18.0,13.0,413.0,343.0,48.0,100.0,3912.0,10.0,7317.0,23921.0,17.0,317.0,256.0,830.0,11.0,614.0,31.0,2.0,130.0,3405.0,7.0,89.0,544.0,-3.0,11.0,22.0,20.0,7.0,19598.0,400.0,7.0,1393.0,17.0,184.0,184.0,14.0,0.0,466.0,3245.0,267.0,12.0,240.0,0.0,61.0,62.0,28.0,34.0,4638.0,54.0,1.0,959.0,1.0,41.0,1023.0,34.0,100.0,89.0,25.0
2018,13,False,False,24,Tulsa,27,12,12,200.0,0.0,9.0,13.0,31.0,12.0,317.0,242.0,23.0,86.0,2408.0,10.0,4533.0,20729.0,24.0,149.0,171.0,761.0,18.0,582.0,12.0,0.0,73.0,2125.0,14.0,86.0,544.0,-3.0,11.0,22.0,20.0,7.0,19598.0,400.0,7.0,1393.0,17.0,184.0,184.0,14.0,0.0,466.0,3245.0,267.0,12.0,240.0,0.0,61.0,62.0,28.0,34.0,4638.0,30.0,0.0,546.0,1.0,41.0,1023.0,14.0,59.0,89.0,25.0
2019,1,False,True,37,Arkansas State,30,13,13,193.0,0.0,12.0,37.0,23.0,10.0,469.0,287.0,13.0,99.0,1654.0,11.0,5719.0,21572.0,22.0,228.0,298.0,878.0,13.0,456.0,24.0,2.0,205.0,4065.0,11.0,78.0,743.0,91.0,20.0,23.0,22.0,11.0,22509.0,534.0,5.0,2317.0,35.0,186.0,212.0,16.0,0.0,503.0,4018.0,313.0,9.0,322.0,1.0,94.0,83.0,35.0,30.0,6335.0,50.0,1.0,954.0,2.0,46.0,1113.0,31.0,96.0,138.0,71.0
2019,2,True,True,49,North Texas,27,12,13,173.0,1.0,4.0,33.0,32.0,13.0,454.0,252.0,11.0,64.0,1626.0,12.0,5026.0,20261.0,19.0,160.0,283.0,672.0,18.0,396.0,20.0,0.0,39.0,3400.0,7.0,64.0,743.0,91.0,20.0,23.0,22.0,11.0,22509.0,534.0,5.0,2317.0,35.0,186.0,212.0,16.0,0.0,503.0,4018.0,313.0,9.0,322.0,1.0,94.0,83.0,35.0,30.0,6335.0,51.0,1.0,1141.0,2.0,46.0,1113.0,44.0,85.0,138.0,71.0
2019,3,True,True,47,Texas State,17,12,13,170.0,0.0,7.0,17.0,13.0,14.0,441.0,203.0,8.0,66.0,921.0,20.0,3814.0,19248.0,24.0,124.0,278.0,617.0,4.0,327.0,15.0,0.0,38.0,2893.0,4.0,58.0,743.0,91.0,20.0,23.0,22.0,11.0,22509.0,534.0,5.0,2317.0,35.0,186.0,212.0,16.0,0.0,503.0,4018.0,313.0,9.0,322.0,1.0,94.0,83.0,35.0,30.0,6335.0,41.0,0.0,899.0,2.0,46.0,1113.0,16.0,65.0,138.0,71.0
2019,4,False,True,41,TCU,38,12,13,201.0,2.0,16.0,15.0,11.0,4.0,394.0,257.0,23.0,78.0,2448.0,10.0,4892.0,23704.0,19.0,319.0,211.0,736.0,5.0,510.0,18.0,1.0,228.0,2444.0,9.0,94.0,743.0,91.0,20.0,23.0,22.0,11.0,22509.0,534.0,5.0,2317.0,35.0,186.0,212.0,16.0,0.0,503.0,4018.0,313.0,9.0,322.0,1.0,94.0,83.0,35.0,30.0,6335.0,33.0,0.0,535.0,2.0,46.0,1113.0,33.0,79.0,138.0,71.0
2019,5,False,True,48,South Florida,21,12,13,177.0,0.0,12.0,18.0,17.0,20.0,328.0,200.0,15.0,101.0,1935.0,10.0,3970.0,20047.0,19.0,125.0,177.0,854.0,7.0,445.0,15.0,0.0,279.0,2035.0,9.0,70.0,743.0,91.0,20.0,23.0,22.0,11.0,22509.0,534.0,5.0,2317.0,35.0,186.0,212.0,16.0,0.0,503.0,4018.0,313.0,9.0,322.0,1.0,94.0,83.0,35.0,30.0,6335.0,33.0,0.0,609.0,2.0,46.0,1113.0,30.0,154.0,138.0,71.0
2019,6,True,True,43,Tulsa,37,12,13,207.0,0.0,5.0,20.0,23.0,18.0,444.0,263.0,18.0,109.0,1660.0,9.0,5036.0,22070.0,19.0,58.0,254.0,949.0,13.0,503.0,14.0,0.0,37.0,3376.0,10.0,88.0,743.0,91.0,20.0,23.0,22.0,11.0,22509.0,534.0,5.0,2317.0,35.0,186.0,212.0,16.0,0.0,503.0,4018.0,313.0,9.0,322.0,1.0,94.0,83.0,35.0,30.0,6335.0,29.0,0.0,495.0,2.0,46.0,1113.0,17.0,80.0,138.0,71.0
2019,8,True,True,45,Temple,21,13,13,201.0,0.0,8.0,25.0,36.0,19.0,472.0,263.0,16.0,92.0,1784.0,13.0,5096.0,22807.0,20.0,68.0,282.0,801.0,15.0,479.0,13.0,1.0,110.0,3312.0,7.0,76.0,743.0,91.0,20.0,23.0,22.0,11.0,22509.0,534.0,5.0,2317.0,35.0,186.0,212.0,16.0,0.0,503.0,4018.0,313.0,9.0,322.0,1.0,94.0,83.0,35.0,30.0,6335.0,40.0,0.0,781.0,2.0,46.0,1113.0,48.0,116.0,138.0,71.0
2019,9,False,True,34,Houston,31,12,13,155.0,2.0,8.0,19.0,17.0,9.0,314.0,231.0,20.0,58.0,2258.0,12.0,4698.0,22289.0,21.0,182.0,176.0,579.0,12.0,466.0,17.0,1.0,83.0,2440.0,9.0,54.0,743.0,91.0,20.0,23.0,22.0,11.0,22509.0,534.0,5.0,2317.0,35.0,186.0,212.0,16.0,0.0,503.0,4018.0,313.0,9.0,322.0,1.0,94.0,83.0,35.0,30.0,6335.0,28.0,2.0,564.0,2.0,46.0,1113.0,21.0,80.0,138.0,71.0
2019,10,False,False,48,Memphis,54,14,13,194.0,1.0,11.0,33.0,24.0,13.0,441.0,325.0,32.0,103.0,2614.0,11.0,6791.0,25713.0,20.0,187.0,281.0,839.0,14.0,551.0,26.0,1.0,53.0,4177.0,9.0,89.0,743.0,91.0,20.0,23.0,22.0,11.0,22509.0,534.0,5.0,2317.0,35.0,186.0,212.0,16.0,0.0,503.0,4018.0,313.0,9.0,322.0,1.0,94.0,83.0,35.0,30.0,6335.0,46.0,3.0,1206.0,2.0,46.0,1113.0,42.0,100.0,138.0,71.0
2019,11,True,True,59,East Carolina,51,12,13,178.0,1.0,11.0,22.0,7.0,12.0,451.0,288.0,12.0,71.0,1696.0,10.0,5162.0,21288.0,17.0,79.0,270.0,615.0,3.0,449.0,17.0,0.0,108.0,3466.0,7.0,70.0,743.0,91.0,20.0,23.0,22.0,11.0,22509.0,534.0,5.0,2317.0,35.0,186.0,212.0,16.0,0.0,503.0,4018.0,313.0,9.0,322.0,1.0,94.0,83.0,35.0,30.0,6335.0,42.0,1.0,653.0,2.0,46.0,1113.0,32.0,90.0,138.0,71.0
2019,13,False,False,28,Navy,35,13,13,170.0,0.0,12.0,10.0,34.0,12.0,104.0,282.0,52.0,54.0,4687.0,4.0,5925.0,26104.0,16.0,112.0,55.0,459.0,26.0,773.0,19.0,1.0,57.0,1238.0,12.0,80.0,743.0,91.0,20.0,23.0,22.0,11.0,22509.0,534.0,5.0,2317.0,35.0,186.0,212.0,16.0,0.0,503.0,4018.0,313.0,9.0,322.0,1.0,94.0,83.0,35.0,30.0,6335.0,20.0,0.0,220.0,2.0,46.0,1113.0,45.0,101.0,138.0,71.0
2019,14,True,True,37,Tulane,20,13,13,181.0,0.0,12.0,19.0,34.0,5.0,336.0,299.0,33.0,103.0,3162.0,10.0,5841.0,23801.0,18.0,168.0,197.0,883.0,20.0,612.0,17.0,2.0,129.0,2679.0,8.0,70.0,743.0,91.0,20.0,23.0,22.0,11.0,22509.0,534.0,5.0,2317.0,35.0,186.0,212.0,16.0,0.0,503.0,4018.0,313.0,9.0,322.0,1.0,94.0,83.0,35.0,30.0,6335.0,43.0,1.0,980.0,2.0,46.0,1113.0,23.0,95.0,138.0,71.0
2020,1,False,True,31,Texas State,24,12,10,151.0,1.0,7.0,26.0,26.0,8.0,404.0,247.0,15.0,62.0,1577.0,14.0,4441.0,18532.0,18.0,209.0,247.0,592.0,10.0,372.0,17.0,1.0,156.0,2864.0,4.0,50.0,617.0,48.0,9.0,21.0,7.0,6.0,17625.0,376.0,6.0,1778.0,24.0,267.0,148.0,12.0,0.0,376.0,3180.0,246.0,7.0,250.0,1.0,69.0,69.0,23.0,17.0,4958.0,48.0,1.0,992.0,0.0,29.0,551.0,12.0,54.0,75.0,25.0
2020,3,False,True,65,North Texas,35,10,10,150.0,0.0,7.0,28.0,24.0,2.0,336.0,248.0,18.0,68.0,2302.0,9.0,5132.0,15007.0,15.0,57.0,185.0,536.0,11.0,443.0,15.0,0.0,21.0,2830.0,6.0,70.0,617.0,48.0,9.0,21.0,7.0,6.0,17625.0,376.0,6.0,1778.0,24.0,267.0,148.0,12.0,0.0,376.0,3180.0,246.0,7.0,250.0,1.0,69.0,69.0,23.0,17.0,4958.0,35.0,0.0,587.0,0.0,29.0,551.0,22.0,51.0,75.0,25.0
2020,5,True,True,30,Memphis,27,11,10,172.0,1.0,12.0,31.0,24.0,8.0,421.0,259.0,9.0,61.0,1597.0,10.0,4980.0,19116.0,18.0,188.0,253.0,520.0,14.0,395.0,21.0,0.0,58.0,3383.0,8.0,77.0,617.0,48.0,9.0,21.0,7.0,6.0,17625.0,376.0,6.0,1778.0,24.0,267.0,148.0,12.0,0.0,376.0,3180.0,246.0,7.0,250.0,1.0,69.0,69.0,23.0,17.0,4958.0,27.0,0.0,484.0,0.0,29.0,551.0,26.0,67.0,75.0,25.0
2020,7,False,True,37,Tulane,34,12,10,150.0,0.0,9.0,21.0,22.0,10.0,313.0,258.0,32.0,74.0,2606.0,10.0,4725.0,20526.0,14.0,253.0,165.0,607.0,12.0,515.0,20.0,1.0,142.0,2119.0,4.0,52.0,617.0,48.0,9.0,21.0,7.0,6.0,17625.0,376.0,6.0,1778.0,24.0,267.0,148.0,12.0,0.0,376.0,3180.0,246.0,7.0,250.0,1.0,69.0,69.0,23.0,17.0,4958.0,25.0,0.0,602.0,0.0,29.0,551.0,35.0,101.0,75.0,25.0
2020,8,True,False,13,Cincinnati,42,10,10,132.0,0.0,16.0,20.0,15.0,4.0,295.0,219.0,29.0,87.0,2126.0,6.0,4512.0,19205.0,16.0,123.0,197.0,762.0,10.0,381.0,15.0,1.0,130.0,2386.0,10.0,60.0,617.0,48.0,9.0,21.0,7.0,6.0,17625.0,376.0,6.0,1778.0,24.0,267.0,148.0,12.0,0.0,376.0,3180.0,246.0,7.0,250.0,1.0,69.0,69.0,23.0,17.0,4958.0,17.0,1.0,476.0,0.0,29.0,551.0,29.0,72.0,75.0,25.0
2020,9,True,True,51,Navy,37,10,10,140.0,0.0,3.0,6.0,30.0,6.0,124.0,143.0,15.0,44.0,1776.0,4.0,2750.0,18192.0,11.0,26.0,57.0,402.0,20.0,483.0,10.0,0.0,25.0,974.0,7.0,47.0,617.0,48.0,9.0,21.0,7.0,6.0,17625.0,376.0,6.0,1778.0,24.0,267.0,148.0,12.0,0.0,376.0,3180.0,246.0,7.0,250.0,1.0,69.0,69.0,23.0,17.0,4958.0,12.0,0.0,277.0,0.0,29.0,551.0,6.0,45.0,75.0,25.0
2020,10,False,True,47,Temple,23,7,10,115.0,0.0,3.0,11.0,14.0,9.0,240.0,146.0,5.0,36.0,978.0,11.0,2434.0,13512.0,14.0,46.0,146.0,311.0,8.0,283.0,5.0,0.0,45.0,1456.0,3.0,44.0,617.0,48.0,9.0,21.0,7.0,6.0,17625.0,376.0,6.0,1778.0,24.0,267.0,148.0,12.0,0.0,376.0,3180.0,246.0,7.0,250.0,1.0,69.0,69.0,23.0,17.0,4958.0,13.0,0.0,228.0,0.0,29.0,551.0,13.0,40.0,75.0,25.0
2020,11,False,False,24,Tulsa,28,9,10,138.0,0.0,6.0,15.0,17.0,10.0,306.0,199.0,13.0,81.0,1418.0,11.0,3692.0,15318.0,18.0,54.0,173.0,736.0,9.0,355.0,15.0,2.0,160.0,2274.0,7.0,57.0,617.0,48.0,9.0,21.0,7.0,6.0,17625.0,376.0,6.0,1778.0,24.0,267.0,148.0,12.0,0.0,376.0,3180.0,246.0,7.0,250.0,1.0,69.0,69.0,23.0,17.0,4958.0,16.0,0.0,267.0,0.0,29.0,551.0,22.0,67.0,75.0,25.0
2020,13,False,False,38,East Carolina,52,9,10,130.0,1.0,10.0,19.0,18.0,10.0,293.0,198.0,11.0,57.0,1562.0,9.0,3633.0,16773.0,20.0,190.0,176.0,524.0,10.0,361.0,13.0,1.0,80.0,2071.0,11.0,43.0,617.0,48.0,9.0,21.0,7.0,6.0,17625.0,376.0,6.0,1778.0,24.0,267.0,148.0,12.0,0.0,376.0,3180.0,246.0,7.0,250.0,1.0,69.0,69.0,23.0,17.0,4958.0,31.0,1.0,591.0,0.0,29.0,551.0,13.0,46.0,75.0,25.0
2021,2,True,True,35,North Texas,12,13,12,210.0,0.0,6.0,12.0,39.0,18.0,394.0,299.0,32.0,93.0,3043.0,14.0,5605.0,23285.0,19.0,93.0,204.0,889.0,16.0,639.0,12.0,0.0,114.0,2562.0,5.0,87.0,627.0,120.0,5.0,14.0,16.0,12.0,21041.0,422.0,6.0,1937.0,20.0,75.0,168.0,18.0,0.0,468.0,3654.0,313.0,10.0,297.0,0.0,73.0,67.0,39.0,24.0,5591.0,24.0,0.0,442.0,2.0,36.0,956.0,38.0,88.0,67.0,27.0
2021,3,False,True,39,Louisiana Tech,37,12,12,168.0,0.0,9.0,22.0,18.0,15.0,411.0,249.0,16.0,81.0,1466.0,16.0,4617.0,20361.0,23.0,195.0,248.0,625.0,8.0,416.0,22.0,2.0,211.0,3151.0,7.0,66.0,627.0,120.0,5.0,14.0,16.0,12.0,21041.0,422.0,6.0,1937.0,20.0,75.0,168.0,18.0,0.0,468.0,3654.0,313.0,10.0,297.0,0.0,73.0,67.0,39.0,24.0,5591.0,37.0,0.0,750.0,2.0,36.0,956.0,20.0,65.0,67.0,27.0
2021,4,False,True,42,TCU,34,12,12,166.0,0.0,10.0,19.0,18.0,3.0,310.0,252.0,21.0,85.0,2330.0,6.0,5168.0,21223.0,16.0,92.0,200.0,737.0,7.0,473.0,10.0,1.0,83.0,2838.0,10.0,76.0,627.0,120.0,5.0,14.0,16.0,12.0,21041.0,422.0,6.0,1937.0,20.0,75.0,168.0,18.0,0.0,468.0,3654.0,313.0,10.0,297.0,0.0,73.0,67.0,39.0,24.0,5591.0,30.0,1.0,804.0,2.0,36.0,956.0,15.0,49.0,67.0,27.0
2021,5,True,True,41,South Florida,17,12,12,169.0,0.0,10.0,6.0,30.0,8.0,354.0,243.0,25.0,60.0,1898.0,12.0,4207.0,21948.0,21.0,120.0,191.0,548.0,16.0,487.0,10.0,1.0,249.0,2309.0,9.0,58.0,627.0,120.0,5.0,14.0,16.0,12.0,21041.0,422.0,6.0,1937.0,20.0,75.0,168.0,18.0,0.0,468.0,3654.0,313.0,10.0,297.0,0.0,73.0,67.0,39.0,24.0,5591.0,36.0,3.0,803.0,2.0,36.0,956.0,9.0,49.0,67.0,27.0
2021,6,False,True,31,Navy,24,12,12,188.0,1.0,7.0,6.0,36.0,9.0,97.0,200.0,19.0,53.0,2712.0,3.0,3393.0,25052.0,8.0,162.0,48.0,422.0,25.0,697.0,16.0,0.0,23.0,681.0,5.0,70.0,627.0,120.0,5.0,14.0,16.0,12.0,21041.0,422.0,6.0,1937.0,20.0,75.0,168.0,18.0,0.0,468.0,3654.0,313.0,10.0,297.0,0.0,73.0,67.0,39.0,24.0,5591.0,32.0,1.0,686.0,2.0,36.0,956.0,16.0,61.0,67.0,27.0
2021,8,True,True,55,Tulane,26,12,12,169.0,0.0,10.0,23.0,38.0,9.0,376.0,234.0,19.0,72.0,1979.0,13.0,4640.0,20094.0,25.0,144.0,213.0,614.0,19.0,447.0,18.0,1.0,156.0,2661.0,12.0,61.0,627.0,120.0,5.0,14.0,16.0,12.0,21041.0,422.0,6.0,1937.0,20.0,75.0,168.0,18.0,0.0,468.0,3654.0,313.0,10.0,297.0,0.0,73.0,67.0,39.0,24.0,5591.0,34.0,0.0,693.0,2.0,36.0,956.0,34.0,88.0,67.0,27.0
2021,9,False,False,37,Houston,44,14,12,197.0,2.0,14.0,32.0,25.0,11.0,459.0,303.0,27.0,91.0,2003.0,12.0,5805.0,28214.0,14.0,396.0,307.0,860.0,17.0,515.0,29.0,2.0,210.0,3802.0,2.0,83.0,627.0,120.0,5.0,14.0,16.0,12.0,21041.0,422.0,6.0,1937.0,20.0,75.0,168.0,18.0,0.0,468.0,3654.0,313.0,10.0,297.0,0.0,73.0,67.0,39.0,24.0,5591.0,43.0,2.0,878.0,2.0,36.0,956.0,45.0,99.0,67.0,27.0
2021,10,False,False,25,Memphis,28,12,12,175.0,1.0,9.0,26.0,38.0,11.0,445.0,270.0,18.0,58.0,1645.0,11.0,5230.0,19227.0,19.0,131.0,268.0,475.0,22.0,416.0,10.0,0.0,41.0,3585.0,8.0,71.0,627.0,120.0,5.0,14.0,16.0,12.0,21041.0,422.0,6.0,1937.0,20.0,75.0,168.0,18.0,0.0,468.0,3654.0,313.0,10.0,297.0,0.0,73.0,67.0,39.0,24.0,5591.0,33.0,0.0,678.0,2.0,36.0,956.0,27.0,68.0,67.0,27.0
2021,11,True,True,55,UCF,28,13,12,174.0,0.0,11.0,29.0,14.0,12.0,390.0,259.0,27.0,80.0,2552.0,9.0,5232.0,22303.0,15.0,186.0,252.0,696.0,11.0,476.0,24.0,0.0,114.0,2680.0,6.0,65.0,627.0,120.0,5.0,14.0,16.0,12.0,21041.0,422.0,6.0,1937.0,20.0,75.0,168.0,18.0,0.0,468.0,3654.0,313.0,10.0,297.0,0.0,73.0,67.0,39.0,24.0,5591.0,28.0,0.0,554.0,2.0,36.0,956.0,36.0,89.0,67.0,27.0
2021,12,False,False,14,Cincinnati,48,14,12,158.0,0.0,19.0,33.0,19.0,15.0,400.0,277.0,34.0,101.0,2406.0,9.0,5783.0,22810.0,19.0,224.0,257.0,754.0,12.0,464.0,22.0,1.0,214.0,3377.0,10.0,62.0,627.0,120.0,5.0,14.0,16.0,12.0,21041.0,422.0,6.0,1937.0,20.0,75.0,168.0,18.0,0.0,468.0,3654.0,313.0,10.0,297.0,0.0,73.0,67.0,39.0,24.0,5591.0,28.0,1.0,667.0,2.0,36.0,956.0,39.0,102.0,67.0,27.0
2021,13,True,False,31,Tulsa,34,13,12,189.0,0.0,11.0,18.0,19.0,7.0,410.0,294.0,20.0,97.0,2496.0,16.0,5750.0,24073.0,24.0,76.0,243.0,930.0,9.0,549.0,23.0,1.0,115.0,3254.0,8.0,73.0,627.0,120.0,5.0,14.0,16.0,12.0,21041.0,422.0,6.0,1937.0,20.0,75.0,168.0,18.0,0.0,468.0,3654.0,313.0,10.0,297.0,0.0,73.0,67.0,39.0,24.0,5591.0,33.0,1.0,516.0,2.0,36.0,956.0,25.0,73.0,67.0,27.0
2022,1,False,True,48,North Texas,10,14,13,189.0,0.0,8.0,34.0,23.0,11.0,430.0,304.0,24.0,73.0,2770.0,16.0,6437.0,22978.0,22.0,49.0,241.0,579.0,14.0,536.0,11.0,1.0,149.0,3667.0,6.0,81.0,542.0,113.0,12.0,15.0,22.0,11.0,21608.0,492.0,9.0,2030.0,26.0,145.0,203.0,20.0,0.0,513.0,4117.0,333.0,10.0,331.0,0.0,97.0,55.0,36.0,37.0,6147.0,44.0,1.0,878.0,0.0,25.0,362.0,27.0,54.0,63.0,27.0
2022,3,False,False,27,Maryland,34,13,13,199.0,0.0,9.0,21.0,28.0,12.0,446.0,263.0,23.0,101.0,1837.0,8.0,5220.0,24262.0,15.0,156.0,294.0,924.0,17.0,469.0,23.0,0.0,61.0,3383.0,7.0,83.0,542.0,113.0,12.0,15.0,22.0,11.0,21608.0,492.0,9.0,2030.0,26.0,145.0,203.0,20.0,0.0,513.0,4117.0,333.0,10.0,331.0,0.0,97.0,55.0,36.0,37.0,6147.0,37.0,0.0,690.0,0.0,25.0,362.0,24.0,62.0,63.0,27.0
2022,4,True,False,34,TCU,42,15,13,201.0,2.0,16.0,33.0,27.0,7.0,454.0,315.0,37.0,72.0,2899.0,8.0,6825.0,27379.0,16.0,301.0,292.0,744.0,14.0,566.0,25.0,4.0,282.0,3926.0,8.0,80.0,542.0,113.0,12.0,15.0,22.0,11.0,21608.0,492.0,9.0,2030.0,26.0,145.0,203.0,20.0,0.0,513.0,4117.0,333.0,10.0,331.0,0.0,97.0,55.0,36.0,37.0,6147.0,46.0,0.0,907.0,0.0,25.0,362.0,30.0,71.0,63.0,27.0
2022,6,False,False,19,UCF,41,14,13,209.0,2.0,6.0,22.0,30.0,15.0,451.0,339.0,35.0,68.0,3192.0,9.0,6569.0,25924.0,21.0,240.0,291.0,649.0,19.0,615.0,29.0,0.0,34.0,3377.0,12.0,97.0,542.0,113.0,12.0,15.0,22.0,11.0,21608.0,492.0,9.0,2030.0,26.0,145.0,203.0,20.0,0.0,513.0,4117.0,333.0,10.0,331.0,0.0,97.0,55.0,36.0,37.0,6147.0,33.0,0.0,616.0,0.0,25.0,362.0,21.0,70.0,63.0,27.0
2022,7,True,True,40,Navy,34,12,13,196.0,0.0,8.0,9.0,37.0,12.0,126.0,211.0,22.0,46.0,2894.0,6.0,3924.0,24935.0,15.0,147.0,54.0,376.0,23.0,708.0,16.0,0.0,57.0,1030.0,9.0,74.0,542.0,113.0,12.0,15.0,22.0,11.0,21608.0,492.0,9.0,2030.0,26.0,145.0,203.0,20.0,0.0,513.0,4117.0,333.0,10.0,331.0,0.0,97.0,55.0,36.0,37.0,6147.0,24.0,0.0,471.0,0.0,25.0,362.0,33.0,73.0,63.0,27.0
2022,8,True,False,27,Cincinnati,29,13,13,181.0,0.0,11.0,22.0,20.0,13.0,417.0,241.0,19.0,98.0,1686.0,8.0,4841.0,22030.0,14.0,159.0,249.0,837.0,13.0,426.0,14.0,2.0,104.0,3155.0,6.0,66.0,542.0,113.0,12.0,15.0,22.0,11.0,21608.0,492.0,9.0,2030.0,26.0,145.0,203.0,20.0,0.0,513.0,4117.0,333.0,10.0,331.0,0.0,97.0,55.0,36.0,37.0,6147.0,23.0,1.0,491.0,0.0,25.0,362.0,35.0,87.0,63.0,27.0
2022,9,False,True,45,Tulsa,34,12,13,169.0,0.0,6.0,27.0,17.0,14.0,415.0,257.0,18.0,73.0,1664.0,10.0,4942.0,20790.0,18.0,85.0,241.0,680.0,11.0,429.0,17.0,0.0,28.0,3278.0,8.0,67.0,542.0,113.0,12.0,15.0,22.0,11.0,21608.0,492.0,9.0,2030.0,26.0,145.0,203.0,20.0,0.0,513.0,4117.0,333.0,10.0,331.0,0.0,97.0,55.0,36.0,37.0,6147.0,19.0,0.0,303.0,0.0,25.0,362.0,16.0,62.0,63.0,27.0
2022,10,True,True,77,Houston,63,13,13,176.0,1.0,7.0,40.0,27.0,9.0,501.0,305.0,17.0,102.0,1847.0,10.0,5929.0,23304.0,19.0,180.0,337.0,909.0,18.0,401.0,12.0,1.0,222.0,4082.0,9.0,80.0,542.0,113.0,12.0,15.0,22.0,11.0,21608.0,492.0,9.0,2030.0,26.0,145.0,203.0,20.0,0.0,513.0,4117.0,333.0,10.0,331.0,0.0,97.0,55.0,36.0,37.0,6147.0,42.0,1.0,837.0,0.0,25.0,362.0,28.0,88.0,63.0,27.0
2022,11,False,True,41,South Florida,23,12,13,151.0,0.0,6.0,18.0,31.0,14.0,326.0,232.0,25.0,55.0,2361.0,9.0,4676.0,21226.0,20.0,100.0,188.0,443.0,14.0,442.0,12.0,0.0,49.0,2315.0,11.0,59.0,542.0,113.0,12.0,15.0,22.0,11.0,21608.0,492.0,9.0,2030.0,26.0,145.0,203.0,20.0,0.0,513.0,4117.0,333.0,10.0,331.0,0.0,97.0,55.0,36.0,37.0,6147.0,48.0,1.0,994.0,0.0,25.0,362.0,14.0,62.0,63.0,27.0
2022,12,False,False,24,Tulane,59,14,13,172.0,1.0,12.0,30.0,27.0,13.0,379.0,302.0,34.0,56.0,2868.0,5.0,6181.0,24933.0,16.0,227.0,241.0,480.0,16.0,556.0,23.0,0.0,53.0,3313.0,11.0,66.0,542.0,113.0,12.0,15.0,22.0,11.0,21608.0,492.0,9.0,2030.0,26.0,145.0,203.0,20.0,0.0,513.0,4117.0,333.0,10.0,331.0,0.0,97.0,55.0,36.0,37.0,6147.0,33.0,0.0,723.0,0.0,25.0,362.0,24.0,57.0,63.0,27.0
2022,13,True,True,34,Memphis,31,13,13,194.0,1.0,16.0,23.0,24.0,11.0,455.0,293.0,30.0,53.0,1851.0,8.0,5492.0,24061.0,16.0,255.0,291.0,480.0,13.0,493.0,27.0,3.0,255.0,3641.0,8.0,88.0,542.0,113.0,12.0,15.0,22.0,11.0,21608.0,492.0,9.0,2030.0,26.0,145.0,203.0,20.0,0.0,513.0,4117.0,333.0,10.0,331.0,0.0,97.0,55.0,36.0,37.0,6147.0,29.0,0.0,673.0,0.0,25.0,362.0,21.0,60.0,63.0,27.0
2023,1,True,True,38,Louisiana Tech,14,12,14,155.0,2.0,5.0,16.0,30.0,4.0,422.0,241.0,20.0,81.0,1495.0,11.0,4603.0,21415.0,18.0,268.0,269.0,753.0,15.0,381.0,32.0,1.0,49.0,3131.0,7.0,46.0,563.0,172.0,5.0,27.0,17.0,8.0,25291.0,556.0,6.0,2472.0,29.0,265.0,196.0,14.0,1.0,465.0,3897.0,274.0,12.0,329.0,4.0,84.0,64.0,33.0,29.0,6369.0,30.0,0.0,552.0,0.0,25.0,449.0,16.0,66.0,96.0,45.0
2023,2,False,False,11,Oklahoma,28,13,14,178.0,1.0,20.0,34.0,19.0,6.0,453.0,332.0,32.0,88.0,2368.0,9.0,6591.0,22662.0,20.0,137.0,310.0,756.0,13.0,521.0,23.0,4.0,344.0,4223.0,11.0,87.0,563.0,172.0,5.0,27.0,17.0,8.0,25291.0,556.0,6.0,2472.0,29.0,265.0,196.0,14.0,1.0,465.0,3897.0,274.0,12.0,329.0,4.0,84.0,64.0,33.0,29.0,6369.0,21.0,0.0,442.0,0.0,25.0,449.0,23.0,94.0,96.0,45.0
2023,4,False,False,17,TCU,34,12,14,177.0,1.0,8.0,27.0,32.0,4.0,503.0,300.0,19.0,74.0,1854.0,15.0,5600.0,19699.0,19.0,152.0,319.0,643.0,16.0,406.0,15.0,1.0,129.0,3746.0,4.0,82.0,563.0,172.0,5.0,27.0,17.0,8.0,25291.0,556.0,6.0,2472.0,29.0,265.0,196.0,14.0,1.0,465.0,3897.0,274.0,12.0,329.0,4.0,84.0,64.0,33.0,29.0,6369.0,32.0,0.0,700.0,0.0,25.0,449.0,22.0,60.0,96.0,45.0
2023,5,True,True,34,Charlotte,16,12,14,169.0,1.0,11.0,7.0,35.0,6.0,328.0,202.0,16.0,83.0,1740.0,16.0,3753.0,23255.0,22.0,227.0,186.0,703.0,19.0,464.0,24.0,1.0,107.0,2013.0,6.0,40.0,563.0,172.0,5.0,27.0,17.0,8.0,25291.0,556.0,6.0,2472.0,29.0,265.0,196.0,14.0,1.0,465.0,3897.0,274.0,12.0,329.0,4.0,84.0,64.0,33.0,29.0,6369.0,30.0,0.0,619.0,0.0,25.0,449.0,19.0,60.0,96.0,45.0
2023,7,False,True,31,East Carolina,10,12,14,175.0,0.0,6.0,7.0,26.0,10.0,388.0,181.0,12.0,70.0,1340.0,14.0,3307.0,20874.0,21.0,103.0,208.0,651.0,9.0,386.0,14.0,2.0,73.0,1967.0,7.0,53.0,563.0,172.0,5.0,27.0,17.0,8.0,25291.0,556.0,6.0,2472.0,29.0,265.0,196.0,14.0,1.0,465.0,3897.0,274.0,12.0,329.0,4.0,84.0,64.0,33.0,29.0,6369.0,21.0,0.0,330.0,0.0,25.0,449.0,18.0,83.0,96.0,45.0
2023,8,False,True,55,Temple,0,12,14,173.0,0.0,3.0,23.0,45.0,2.0,508.0,247.0,9.0,54.0,1155.0,16.0,4475.0,20416.0,25.0,76.0,283.0,440.0,23.0,331.0,14.0,0.0,2.0,3320.0,9.0,66.0,563.0,172.0,5.0,27.0,17.0,8.0,25291.0,556.0,6.0,2472.0,29.0,265.0,196.0,14.0,1.0,465.0,3897.0,274.0,12.0,329.0,4.0,84.0,64.0,33.0,29.0,6369.0,39.0,1.0,688.0,0.0,25.0,449.0,22.0,67.0,96.0,45.0
2023,9,True,True,69,Tulsa,10,12,14,195.0,0.0,10.0,20.0,16.0,10.0,334.0,238.0,13.0,61.0,2171.0,19.0,4627.0,21386.0,24.0,67.0,190.0,519.0,7.0,527.0,7.0,0.0,-1.0,2456.0,5.0,87.0,563.0,172.0,5.0,27.0,17.0,8.0,25291.0,556.0,6.0,2472.0,29.0,265.0,196.0,14.0,1.0,465.0,3897.0,274.0,12.0,329.0,4.0,84.0,64.0,33.0,29.0,6369.0,15.0,0.0,320.0,0.0,25.0,449.0,21.0,65.0,96.0,45.0
2023,10,False,True,36,Rice,31,13,14,158.0,1.0,5.0,29.0,24.0,7.0,431.0,247.0,21.0,74.0,1436.0,16.0,4718.0,24201.0,25.0,223.0,268.0,628.0,16.0,387.0,22.0,0.0,98.0,3282.0,9.0,60.0,563.0,172.0,5.0,27.0,17.0,8.0,25291.0,556.0,6.0,2472.0,29.0,265.0,196.0,14.0,1.0,465.0,3897.0,274.0,12.0,329.0,4.0,84.0,64.0,33.0,29.0,6369.0,26.0,0.0,548.0,0.0,25.0,449.0,19.0,59.0,96.0,45.0
2023,11,True,True,45,North Texas,21,12,14,174.0,0.0,10.0,33.0,35.0,4.0,463.0,297.0,19.0,57.0,2294.0,9.0,5951.0,21025.0,19.0,50.0,284.0,559.0,21.0,449.0,11.0,0.0,50.0,3657.0,10.0,73.0,563.0,172.0,5.0,27.0,17.0,8.0,25291.0,556.0,6.0,2472.0,29.0,265.0,196.0,14.0,1.0,465.0,3897.0,274.0,12.0,329.0,4.0,84.0,64.0,33.0,29.0,6369.0,37.0,0.0,720.0,0.0,25.0,449.0,17.0,48.0,96.0,45.0
2023,12,False,True,38,Memphis,34,13,14,172.0,0.0,11.0,33.0,28.0,9.0,481.0,295.0,31.0,53.0,1976.0,10.0,5960.0,24285.0,15.0,118.0,321.0,536.0,18.0,429.0,16.0,3.0,205.0,3984.0,5.0,78.0,563.0,172.0,5.0,27.0,17.0,8.0,25291.0,556.0,6.0,2472.0,29.0,265.0,196.0,14.0,1.0,465.0,3897.0,274.0,12.0,329.0,4.0,84.0,64.0,33.0,29.0,6369.0,27.0,0.0,566.0,0.0,25.0,449.0,23.0,74.0,96.0,45.0
2023,13,True,True,59,Navy,14,12,14,173.0,0.0,10.0,10.0,26.0,14.0,199.0,174.0,16.0,68.0,2335.0,5.0,3603.0,22507.0,12.0,176.0,102.0,552.0,16.0,548.0,20.0,1.0,174.0,1268.0,7.0,50.0,563.0,172.0,5.0,27.0,17.0,8.0,25291.0,556.0,6.0,2472.0,29.0,265.0,196.0,14.0,1.0,465.0,3897.0,274.0,12.0,329.0,4.0,84.0,64.0,33.0,29.0,6369.0,24.0,0.0,477.0,0.0,25.0,449.0,28.0,62.0,96.0,45.0
2023,14,False,True,26,Tulane,14,14,14,186.0,1.0,17.0,25.0,32.0,11.0,368.0,257.0,16.0,67.0,2171.0,7.0,5181.0,26329.0,20.0,126.0,229.0,600.0,19.0,527.0,15.0,0.0,138.0,3010.0,13.0,71.0,563.0,172.0,5.0,27.0,17.0,8.0,25291.0,556.0,6.0,2472.0,29.0,265.0,196.0,14.0,1.0,465.0,3897.0,274.0,12.0,329.0,4.0,84.0,64.0,33.0,29.0,6369.0,28.0,1.0,670.0,0.0,25.0,449.0,35.0,86.0,96.0,45.0
2024,1,False,True,29,Nevada,24,13,14,170.0,0.0,11.0,19.0,29.0,2.0,366.0,253.0,21.0,99.0,2135.0,8.0,4899.0,24208.0,15.0,76.0,247.0,950.0,15.0,460.0,10.0,1.0,91.0,2764.0,7.0,76.0,1027.0,307.0,6.0,25.0,9.0,9.0,22181.0,500.0,12.0,2307.0,29.0,225.0,169.0,21.0,1.0,400.0,3486.0,259.0,15.0,296.0,2.0,78.0,107.0,27.0,17.0,5793.0,35.0,0.0,630.0,0.0,20.0,400.0,14.0,54.0,90.0,40.0
2024,2,True,False,15,BYU,18,13,14,139.0,1.0,20.0,20.0,24.0,7.0,355.0,266.0,18.0,57.0,1920.0,11.0,4725.0,22264.0,18.0,130.0,203.0,481.0,18.0,411.0,14.0,1.0,113.0,2805.0,7.0,49.0,1027.0,307.0,6.0,25.0,9.0,9.0,22181.0,500.0,12.0,2307.0,29.0,225.0,169.0,21.0,1.0,400.0,3486.0,259.0,15.0,296.0,2.0,78.0,107.0,27.0,17.0,5793.0,20.0,3.0,531.0,0.0,20.0,400.0,16.0,58.0,90.0,40.0
2024,4,True,True,66,TCU,42,13,14,153.0,1.0,8.0,25.0,20.0,6.0,454.0,273.0,26.0,68.0,1383.0,10.0,5194.0,20427.0,21.0,274.0,305.0,646.0,16.0,359.0,24.0,0.0,45.0,3811.0,11.0,67.0,1027.0,307.0,6.0,25.0,9.0,9.0,22181.0,500.0,12.0,2307.0,29.0,225.0,169.0,21.0,1.0,400.0,3486.0,259.0,15.0,296.0,2.0,78.0,107.0,27.0,17.0,5793.0,18.0,0.0,315.0,0.0,20.0,400.0,23.0,58.0,90.0,40.0
2024,5,True,True,42,Florida State,16,12,14,160.0,0.0,4.0,11.0,32.0,2.0,355.0,182.0,8.0,67.0,1089.0,13.0,3253.0,19572.0,22.0,33.0,179.0,575.0,20.0,377.0,14.0,0.0,69.0,2164.0,9.0,46.0,1027.0,307.0,6.0,25.0,9.0,9.0,22181.0,500.0,12.0,2307.0,29.0,225.0,169.0,21.0,1.0,400.0,3486.0,259.0,15.0,296.0,2.0,78.0,107.0,27.0,17.0,5793.0,25.0,1.0,541.0,0.0,20.0,400.0,24.0,69.0,90.0,40.0
2024,6,False,True,34,Louisville,27,13,14,141.0,0.0,9.0,23.0,20.0,7.0,402.0,261.0,27.0,77.0,2245.0,6.0,5514.0,21567.0,10.0,162.0,255.0,599.0,8.0,389.0,29.0,0.0,62.0,3269.0,4.0,56.0,1027.0,307.0,6.0,25.0,9.0,9.0,22181.0,500.0,12.0,2307.0,29.0,225.0,169.0,21.0,1.0,400.0,3486.0,259.0,15.0,296.0,2.0,78.0,107.0,27.0,17.0,5793.0,30.0,1.0,616.0,0.0,20.0,400.0,29.0,76.0,90.0,40.0
2024,8,False,True,40,Stanford,10,12,14,162.0,1.0,9.0,18.0,41.0,7.0,370.0,222.0,11.0,65.0,1606.0,17.0,3901.0,22812.0,22.0,166.0,224.0,588.0,23.0,435.0,15.0,1.0,168.0,2295.0,5.0,56.0,1027.0,307.0,6.0,25.0,9.0,9.0,22181.0,500.0,12.0,2307.0,29.0,225.0,169.0,21.0,1.0,400.0,3486.0,259.0,15.0,296.0,2.0,78.0,107.0,27.0,17.0,5793.0,15.0,0.0,245.0,0.0,20.0,400.0,25.0,63.0,90.0,40.0
2024,9,False,True,28,Duke,27,13,14,159.0,0.0,12.0,26.0,13.0,14.0,422.0,212.0,13.0,66.0,1160.0,12.0,4099.0,19566.0,18.0,251.0,255.0,636.0,5.0,357.0,26.0,1.0,152.0,2939.0,6.0,46.0,1027.0,307.0,6.0,25.0,9.0,9.0,22181.0,500.0,12.0,2307.0,29.0,225.0,169.0,21.0,1.0,400.0,3486.0,259.0,15.0,296.0,2.0,78.0,107.0,27.0,17.0,5793.0,20.0,0.0,417.0,0.0,20.0,400.0,41.0,110.0,90.0,40.0
2024,10,True,True,48,Pittsburgh,25,13,14,157.0,2.0,12.0,27.0,21.0,4.0,467.0,269.0,14.0,83.0,1542.0,13.0,4872.0,18744.0,17.0,257.0,284.0,757.0,11.0,355.0,26.0,4.0,165.0,3330.0,4.0,59.0,1027.0,307.0,6.0,25.0,9.0,9.0,22181.0,500.0,12.0,2307.0,29.0,225.0,169.0,21.0,1.0,400.0,3486.0,259.0,15.0,296.0,2.0,78.0,107.0,27.0,17.0,5793.0,31.0,0.0,628.0,0.0,20.0,400.0,39.0,99.0,90.0,40.0
2024,12,True,True,38,Boston College,28,13,14,167.0,0.0,16.0,24.0,32.0,7.0,289.0,232.0,22.0,54.0,2134.0,7.0,4424.0,22950.0,15.0,136.0,181.0,520.0,16.0,497.0,22.0,3.0,310.0,2290.0,8.0,72.0,1027.0,307.0,6.0,25.0,9.0,9.0,22181.0,500.0,12.0,2307.0,29.0,225.0,169.0,21.0,1.0,400.0,3486.0,259.0,15.0,296.0,2.0,78.0,107.0,27.0,17.0,5793.0,16.0,0.0,245.0,0.0,20.0,400.0,26.0,61.0,90.0,40.0
2024,13,False,True,33,Virginia,7,12,14,182.0,0.0,9.0,16.0,29.0,6.0,401.0,232.0,14.0,62.0,1594.0,14.0,4342.0,21526.0,19.0,120.0,246.0,544.0,15.0,431.0,19.0,0.0,80.0,2748.0,5.0,62.0,1027.0,307.0,6.0,25.0,9.0,9.0,22181.0,500.0,12.0,2307.0,29.0,225.0,169.0,21.0,1.0,400.0,3486.0,259.0,15.0,296.0,2.0,78.0,107.0,27.0,17.0,5793.0,19.0,0.0,324.0,0.0,20.0,400.0,21.0,57.0,90.0,40.0
2024,14,True,True,38,California,6,13,14,175.0,0.0,17.0,16.0,24.0,5.0,425.0,248.0,16.0,91.0,1407.0,7.0,4603.0,21708.0,10.0,75.0,283.0,731.0,11.0,395.0,17.0,1.0,111.0,3196.0,3.0,66.0,1027.0,307.0,6.0,25.0,9.0,9.0,22181.0,500.0,12.0,2307.0,29.0,225.0,169.0,21.0,1.0,400.0,3486.0,259.0,15.0,296.0,2.0,78.0,107.0,27.0,17.0,5793.0,16.0,1.0,330.0,0.0,20.0,400.0,32.0,70.0,90.0,40.0
2024,15,True,False,31,Clemson,34,14,14,186.0,0.0,15.0,34.0,19.0,10.0,486.0,315.0,23.0,64.0,2357.0,6.0,5920.0,23989.0,9.0,161.0,305.0,602.0,12.0,446.0,18.0,2.0,131.0,3563.0,3.0,84.0,1027.0,307.0,6.0,25.0,9.0,9.0,22181.0,500.0,12.0,2307.0,29.0,225.0,169.0,21.0,1.0,400.0,3486.0,259.0,15.0,296.0,2.0,78.0,107.0,27.0,17.0,5793.0,15.0,0.0,287.0,0.0,20.0,400.0,33.0,83.0,90.0,40.0
